573,218,455,314,554,318,602,485,656,597,351,307,271,443,383,442,598,613,673,757,714,756,504,651,549,819,518,1029,565,201,-1,520,206,-1,
575,225,454,319,553,322,601,492,668,612,350,313,278,444,378,438,606,620,686,766,764,838,511,659,551,829,516,1047,569,208,-1,523,212,-1,
575,232,456,325,553,329,602,497,666,615,354,319,286,452,-1,611,622,675,769,722,789,515,663,557,828,517,1054,566,215,-1,522,218,-1,
575,247,455,339,551,342,606,509,687,653,353,333,293,466,390,458,595,630,567,824,539,1036,507,663,564,827,519,1063,568,228,-1,523,231,-1,
567,260,452,349,549,352,604,516,694,666,352,343,299,479,395,474,600,636,681,784,727,797,505,666,-1,-1,562,242,-1,517,240,-1,
560,265,445,356,542,357,601,517,669,637,347,354,302,495,386,482,588,640,569,832,528,1071,495,667,562,838,524,1053,553,247,-1,507,247,-1,
557,271,441,368,536,366,601,530,683,667,342,366,304,510,378,494,586,651,554,859,519,1072,490,678,556,846,516,1060,548,254,-1,499,257,-1,
549,277,437,374,533,371,599,532,678,662,338,376,303,517,384,506,586,654,659,803,706,816,487,686,551,852,512,1076,540,260,-1,492,262,-1,
545,276,431,381,529,376,597,542,694,672,329,383,304,498,-1,580,654,544,868,507,1079,478,689,546,853,503,1079,534,258,-1,485,266,-1,
538,281,430,393,527,389,597,555,706,674,327,393,293,546,379,532,585,673,661,830,-1,481,717,540,874,506,1079,526,263,-1,479,276,-1,
536,290,428,406,528,403,595,566,686,658,326,407,289,564,377,548,577,693,534,912,-1,474,729,532,899,508,1079,523,275,-1,481,289,400,284,
535,313,428,429,527,425,591,585,705,684,325,430,285,586,-1,590,728,805,732,728,972,475,764,524,930,501,1079,522,298,-1,481,310,400,308,
537,332,429,454,530,450,594,615,713,722,325,454,-1,-1,588,757,-1,-1,468,786,520,956,-1,523,315,-1,479,334,-1,
545,349,439,476,538,474,604,644,723,748,337,475,287,635,385,620,591,793,763,897,666,1079,474,818,519,982,-1,532,335,-1,487,358,-1,
556,367,448,493,546,493,608,664,720,755,345,491,294,652,392,645,589,816,731,964,-1,476,834,515,1007,504,1079,544,353,-1,499,374,-1,
565,382,454,507,549,508,609,678,722,768,354,502,301,667,396,662,579,843,681,1010,-1,473,858,513,1024,-1,553,367,-1,505,388,-1,
570,387,460,520,554,524,614,689,721,781,363,513,309,683,401,681,576,869,628,1054,-1,470,878,508,1043,-1,551,370,-1,509,398,-1,
575,418,464,535,557,541,619,711,711,795,370,525,315,696,404,701,561,898,565,1079,-1,462,908,499,1079,-1,561,396,-1,516,413,-1,
585,417,469,547,558,555,617,706,-1,379,535,322,707,406,711,547,907,552,1079,-1,447,911,494,1079,-1,570,402,-1,524,426,-1,
594,436,475,557,559,570,598,754,690,829,388,542,334,711,-1,532,904,551,1079,-1,437,902,501,1079,-1,577,415,-1,530,436,-1,
603,434,481,562,561,577,593,768,684,839,399,546,346,713,-1,533,920,564,1079,-1,438,917,501,1079,-1,586,419,-1,541,445,-1,
609,435,485,562,560,580,601,742,676,842,409,544,357,708,-1,527,886,555,1079,-1,436,886,506,1079,-1,593,418,-1,546,441,-1,
619,422,488,551,561,569,594,760,678,825,415,532,363,690,-1,521,884,549,1079,-1,431,867,515,1059,-1,603,406,-1,556,426,-1,
630,416,490,536,560,555,595,751,685,818,417,516,369,675,-1,524,887,564,1077,-1,435,882,522,1043,-1,609,400,-1,560,419,-1,
630,415,496,535,567,557,601,758,693,811,424,512,375,669,-1,527,886,567,1078,-1,432,876,528,1032,-1,615,398,-1,568,420,-1,
638,406,507,525,578,548,610,743,699,796,436,504,379,657,-1,529,871,578,1021,-1,438,867,537,1018,-1,621,390,-1,569,407,-1,
639,396,507,516,583,539,624,729,706,787,431,491,373,652,-1,538,868,590,1079,-1,447,860,535,1015,-1,622,381,-1,573,402,-1,
640,384,508,513,586,535,637,721,722,779,427,490,370,650,-1,546,871,601,1079,-1,455,866,540,1016,-1,620,371,-1,573,400,-1,
638,383,508,506,590,526,635,679,729,766,424,485,359,644,-1,553,863,605,1045,-1,457,862,546,1015,-1,616,366,-1,566,390,-1,
618,359,500,487,585,504,638,627,736,754,413,468,368,582,-1,551,841,629,1015,-1,455,841,549,994,-1,600,342,-1,553,368,-1,
613,347,493,477,582,490,652,670,737,748,400,460,333,619,423,615,556,835,661,991,-1,455,844,545,989,-1,595,335,-1,552,362,-1,
604,342,490,468,581,481,653,639,742,752,395,452,322,613,417,606,572,821,712,936,617,1079,466,835,545,976,-1,588,327,-1,546,353,-1,
602,336,484,454,576,465,659,630,740,751,389,437,316,590,-1,589,798,749,884,604,1079,482,809,537,966,528,1079,589,319,-1,540,336,-1,
603,331,481,440,573,451,662,614,738,738,386,424,308,569,405,551,593,774,788,815,633,1021,487,792,539,962,526,1079,589,310,-1,541,323,-1,
603,325,483,428,575,439,641,603,734,737,386,410,309,546,-1,608,746,813,758,716,967,501,776,548,944,534,1079,592,304,-1,544,313,-1,
610,319,483,418,576,431,627,601,717,720,385,401,309,520,-1,615,734,837,667,814,885,510,774,553,940,-1,597,299,-1,548,313,-1,
612,325,481,414,575,428,619,598,686,699,382,397,309,506,376,496,616,724,696,866,-1,511,767,553,944,-1,600,307,-1,549,315,-1,
610,331,480,415,575,428,618,597,682,714,377,399,320,498,-1,618,728,704,872,-1,518,770,-1,-1,600,311,-1,549,318,-1,
606,328,476,408,573,420,611,589,680,706,373,392,323,443,-1,613,718,699,861,745,908,511,755,561,932,-1,595,309,-1,546,313,-1,
601,317,471,396,567,405,602,576,691,716,367,382,310,430,-1,614,702,693,845,731,857,515,743,-1,-1,591,299,-1,539,301,-1,
594,298,459,386,554,394,597,565,677,702,357,375,-1,-1,603,697,667,830,732,846,515,735,554,906,541,1079,581,279,-1,531,287,-1,
586,304,444,379,538,385,586,556,665,688,344,371,-1,-1,590,687,660,819,719,850,502,720,547,893,529,1079,572,282,-1,518,280,-1,
556,278,429,371,523,376,572,547,658,678,328,365,302,444,-1,582,676,655,764,711,837,488,712,538,878,519,1079,544,262,-1,501,268,-1,
538,259,419,365,511,369,565,543,658,671,321,360,295,445,-1,575,662,659,794,732,870,481,702,530,864,512,1079,528,243,-1,486,258,-1,
523,254,408,357,502,357,560,528,657,656,309,356,291,446,-1,566,645,532,857,499,1074,471,685,527,852,500,1077,512,237,-1,465,253,-1,
512,249,405,352,499,350,564,518,660,637,304,352,-1,-1,565,637,650,773,724,824,470,678,-1,-1,503,229,-1,458,245,-1,
515,239,400,347,495,345,569,514,650,596,300,349,285,441,-1,576,632,757,694,747,704,475,684,527,838,494,1072,501,221,-1,448,239,-1,
508,229,400,341,492,339,576,508,668,579,301,343,284,438,-1,583,625,794,479,825,711,476,681,525,831,493,1079,493,212,-1,444,230,-1,
507,219,399,333,493,330,579,494,684,560,300,332,274,424,-1,576,619,702,583,668,760,470,673,520,834,491,1069,492,201,-1,445,218,-1,
505,202,400,318,494,315,583,481,713,556,300,319,312,466,-1,577,615,776,588,718,799,467,665,513,832,489,1056,490,186,-1,443,203,-1,
507,175,402,300,497,298,580,460,729,543,301,298,263,387,-1,574,609,783,589,675,827,463,656,-1,-1,491,159,-1,444,180,-1,
510,152,405,274,500,272,584,441,742,524,302,272,261,362,-1,565,596,767,627,619,868,451,635,498,814,488,1025,498,136,-1,450,152,-1,
514,129,406,247,501,247,585,414,728,490,301,241,270,395,-1,549,576,734,659,587,894,434,601,487,783,479,1005,501,112,-1,452,124,-1,
522,98,410,224,508,224,589,403,726,467,304,217,255,314,-1,547,563,701,690,562,928,428,585,478,770,471,1005,508,79,-1,462,96,-1,
537,82,414,208,515,214,595,394,724,458,310,200,258,361,344,356,545,559,668,715,541,959,428,573,476,758,461,996,520,67,-1,469,89,-1,
550,73,423,201,521,210,596,389,714,454,322,189,261,352,-1,539,555,618,751,520,989,426,567,474,753,465,991,534,59,-1,482,81,-1,
553,72,431,195,530,207,595,394,703,450,333,180,265,347,366,352,532,557,590,775,496,1006,421,558,475,749,461,973,538,55,-1,498,77,412,63,
572,86,443,197,537,212,596,349,-1,346,178,276,347,373,357,527,558,555,792,474,1032,421,557,471,762,466,989,559,67,-1,509,80,-1,
587,81,454,201,543,219,605,406,698,469,360,180,290,349,386,363,519,565,530,814,465,1045,415,557,475,760,486,1023,569,67,-1,520,87,-1,
599,99,461,205,548,224,598,415,681,472,372,182,302,353,-1,514,576,526,808,472,1032,417,568,491,777,487,1008,585,79,-1,532,92,-1,
607,95,472,206,555,230,597,410,673,484,386,181,314,347,-1,510,568,536,794,473,1030,412,563,506,780,488,1009,597,81,611,85,548,97,-1,
619,100,481,210,562,239,597,436,677,499,398,180,326,346,-1,506,569,547,798,474,1025,409,561,503,779,485,1007,602,82,-1,553,100,-1,
628,98,484,210,560,237,600,438,682,504,407,181,336,344,-1,512,587,562,797,476,1017,412,577,511,766,488,996,610,80,-1,560,101,-1,
632,104,489,208,562,236,605,439,689,513,414,177,338,340,-1,512,582,570,794,478,1012,418,573,516,754,491,982,619,85,-1,566,101,-1,
630,112,491,210,566,238,613,437,696,530,416,180,343,343,-1,518,577,581,786,482,1003,426,569,521,758,494,977,617,90,-1,566,102,-1,
629,108,492,213,569,240,617,437,702,539,415,186,345,350,426,372,522,570,596,776,490,995,433,560,528,743,491,908,616,91,-1,567,105,-1,
631,100,492,216,569,241,620,443,707,556,413,191,344,356,-1,531,580,619,757,502,982,440,571,537,744,495,944,612,82,-1,561,105,-1,
626,101,492,221,573,245,616,445,705,563,409,196,343,360,425,363,543,581,656,737,527,947,444,580,550,734,499,916,608,85,-1,557,106,-1,
622,108,486,222,565,243,605,444,689,563,402,199,347,358,425,351,556,583,699,700,549,911,455,594,558,722,504,897,604,90,-1,553,107,-1,
612,105,478,220,559,241,593,434,664,539,392,198,354,348,-1,560,562,738,663,580,860,461,576,562,699,505,898,594,86,-1,547,109,-1,
606,114,476,217,558,238,584,436,644,548,389,195,369,332,-1,571,548,777,608,620,805,476,565,559,700,518,928,593,96,-1,542,104,-1,
603,108,472,211,554,230,577,422,635,526,386,189,-1,-1,566,535,799,552,676,765,484,552,554,711,524,926,590,92,-1,541,101,-1,
606,104,474,200,555,219,573,409,624,536,387,178,-1,-1,560,528,558,706,529,927,492,534,558,698,528,919,594,85,-1,541,94,-1,
616,94,477,191,560,211,571,401,619,532,391,168,-1,-1,564,536,555,725,531,929,500,544,-1,-1,601,77,-1,547,86,-1,
616,103,481,185,561,204,570,390,616,537,393,164,-1,-1,554,522,561,710,534,938,491,518,566,705,535,934,606,84,-1,552,85,-1,
620,101,483,178,563,198,567,383,628,482,400,159,-1,-1,583,497,841,371,-1,498,515,567,705,541,927,610,83,-1,557,84,-1,
622,108,483,177,565,197,571,389,612,553,398,156,-1,-1,580,500,845,370,1036,453,506,517,572,706,545,928,616,85,-1,560,84,-1,
626,106,486,178,565,197,568,385,608,506,401,156,-1,-1,577,500,580,702,550,927,506,505,579,692,551,919,619,83,-1,562,85,-1,
624,113,485,183,565,202,571,386,671,455,400,163,-1,-1,578,498,861,388,1097,352,503,502,588,694,553,918,-1,-1,561,91,-1,
622,114,485,192,564,209,573,393,684,454,400,170,-1,-1,595,500,868,393,1109,341,517,513,590,698,556,922,-1,-1,558,97,-1,
619,119,485,199,565,216,578,400,627,522,398,180,-1,-1,582,512,595,699,558,923,511,508,598,687,560,911,608,103,-1,554,103,-1,
613,123,483,209,565,224,582,409,668,479,395,192,-1,-1,592,514,599,703,559,925,515,516,598,696,560,923,603,106,-1,548,108,-1,
-1,966,398,1052,404,1110,445,1151,366,874,384,-1,-1,-1,-1,-1,-1,-1,-1,-1,-1,-1,-1,
610,125,481,216,565,230,587,417,667,495,393,200,-1,-1,590,521,600,706,560,927,517,528,598,704,558,929,600,108,-1,545,115,-1,
610,130,481,221,566,232,591,417,670,500,392,207,-1,-1,614,530,596,728,557,935,541,557,597,711,559,928,599,113,-1,543,118,-1,
607,127,482,226,568,238,599,427,669,525,391,211,-1,-1,621,539,870,418,948,665,540,563,597,718,559,931,597,111,-1,545,120,-1,
609,128,485,229,571,242,603,431,675,537,393,213,-1,-1,622,546,870,463,891,706,539,569,598,723,557,938,598,111,-1,545,120,-1,
612,127,489,232,574,244,606,430,680,526,397,215,-1,-1,624,542,863,504,835,743,535,572,596,725,555,946,599,110,-1,548,121,-1,
623,128,492,233,576,246,614,434,684,531,401,215,-1,-1,629,546,850,563,774,804,534,579,591,729,554,952,607,109,-1,552,123,-1,
628,126,503,235,588,246,623,434,709,536,410,215,-1,-1,630,553,829,613,732,851,531,586,583,738,549,965,612,108,-1,561,123,-1,
640,127,511,237,599,247,638,435,732,545,415,217,384,293,-1,632,571,-1,-1,527,595,576,746,545,976,624,108,-1,573,124,-1,
656,126,519,237,606,249,650,425,731,540,431,218,403,338,-1,629,581,781,709,667,937,525,597,574,752,548,1004,640,108,-1,590,124,-1,
668,133,540,242,627,257,677,391,-1,450,221,396,349,-1,630,594,754,755,638,977,526,611,573,766,546,1030,654,115,-1,602,126,-1,
682,135,558,248,644,267,691,419,-1,471,225,392,358,473,346,619,607,726,799,620,1012,517,613,574,774,543,1046,670,116,-1,627,132,-1,
707,156,576,257,657,280,701,444,761,583,491,231,421,317,-1,620,621,702,831,610,1043,517,621,572,815,542,1057,691,137,-1,641,152,-1,
718,158,587,269,672,295,689,483,753,615,505,241,404,378,501,383,620,629,683,855,598,1079,519,623,573,829,548,1055,706,137,-1,661,156,-1,
743,174,598,279,679,312,683,439,-1,519,247,417,391,514,408,611,641,665,870,596,1079,515,633,573,849,548,1057,725,153,-1,678,177,-1,
757,192,610,292,688,329,659,528,721,662,535,254,472,354,-1,606,650,656,870,603,1079,514,638,576,846,549,1056,741,168,-1,694,192,-1,
778,192,624,298,689,337,647,541,701,658,555,258,477,407,-1,606,660,669,874,609,1079,520,644,583,848,555,1079,761,175,-1,707,201,-1,
786,214,630,303,686,343,638,548,665,692,573,263,511,443,-1,604,664,690,867,611,1079,525,647,593,845,561,1062,771,190,-1,720,209,-1,
804,218,642,313,685,352,624,555,643,710,598,275,-1,-1,624,681,702,878,619,1074,552,656,607,849,569,1052,785,195,-1,732,218,-1,
816,226,656,316,685,358,605,558,616,721,627,274,-1,-1,643,698,718,869,632,1050,562,646,626,831,580,1048,798,209,-1,743,226,-1,
832,226,669,325,687,368,590,564,602,750,651,273,-1,-1,665,714,735,872,637,1048,626,712,637,877,594,1038,813,210,-1,754,234,-1,
843,234,686,322,692,369,579,569,591,745,676,270,-1,-1,678,706,750,873,649,1040,650,698,665,874,608,1010,826,218,-1,765,236,-1,
858,232,703,331,702,375,587,570,596,745,695,273,-1,-1,683,700,771,866,673,1046,709,699,-1,-1,839,215,-1,779,236,-1,
871,237,722,324,713,365,603,569,616,740,714,269,-1,-1,707,683,791,870,687,1057,724,669,749,826,688,888,855,219,-1,793,234,-1,
886,234,739,322,720,362,620,568,643,740,742,273,-1,-1,725,672,809,870,706,1052,766,627,897,648,902,748,867,215,-1,804,230,-1,
901,230,750,311,734,354,640,571,677,737,747,261,770,459,858,494,748,639,824,860,726,1051,801,583,956,604,842,732,882,213,-1,818,228,-1,
912,226,760,311,744,355,663,574,711,727,754,251,-1,-1,772,626,838,852,742,1057,837,559,1008,559,889,701,895,209,-1,829,227,-1,
919,225,764,308,748,361,685,572,749,708,759,248,910,280,1007,297,792,616,846,854,756,1054,842,544,1039,516,914,698,903,208,-1,837,225,-1,
928,223,767,306,752,358,735,513,831,468,760,240,902,291,-1,784,604,854,838,768,1055,830,566,1055,488,-1,909,209,-1,842,226,-1,
926,222,766,313,757,378,726,595,812,737,758,236,-1,-1,794,607,856,807,773,1053,831,559,1242,486,-1,908,206,-1,846,224,-1,
924,227,766,309,757,372,747,602,848,749,754,234,680,304,-1,797,587,854,839,774,1051,858,497,1080,440,-1,905,210,-1,845,223,-1,
913,239,763,318,750,369,765,610,875,755,753,233,677,304,-1,802,599,858,840,773,1055,856,501,-1,-1,900,219,-1,837,225,-1,
906,247,754,320,748,371,779,615,872,734,744,245,671,302,-1,804,597,856,846,769,1058,859,510,1076,437,1270,403,890,223,-1,829,229,-1,
896,237,751,329,733,388,784,616,900,735,745,246,-1,-1,809,622,856,834,768,1051,872,487,1239,476,-1,879,212,-1,819,223,-1,
880,249,735,331,719,381,779,609,917,736,728,253,-1,-1,790,626,853,845,758,1058,827,613,860,815,770,1070,863,227,-1,801,227,-1,
868,248,722,335,709,381,771,605,925,737,714,261,-1,-1,790,633,847,842,746,1060,832,611,849,841,749,1057,851,227,-1,786,227,-1,
847,233,710,334,692,389,763,612,913,724,709,269,-1,-1,782,639,837,839,740,1055,824,621,844,818,755,1070,829,212,-1,770,221,-1,
836,230,700,328,686,372,735,593,898,712,693,259,-1,-1,770,639,829,840,728,1058,813,610,832,811,-1,818,210,-1,758,219,-1,
827,222,696,311,681,357,715,587,794,660,686,253,-1,-1,773,636,817,843,721,1056,818,524,1032,422,-1,811,202,-1,751,208,-1,
820,217,684,301,678,348,696,587,796,667,672,248,-1,-1,764,643,804,833,714,1058,806,544,1025,436,-1,802,197,817,184,736,208,-1,
811,204,678,286,666,342,681,586,775,672,673,244,-1,-1,753,656,788,847,700,1079,803,518,-1,-1,792,185,-1,729,197,-1,
800,191,674,283,656,321,656,580,773,669,674,243,-1,-1,735,626,772,838,694,1050,802,529,1005,521,889,696,778,173,801,167,716,191,-1,
786,186,656,294,632,338,629,570,736,657,663,251,-1,-1,714,611,755,829,680,1050,793,539,976,568,849,752,764,167,-1,701,192,-1,
772,184,645,286,620,319,588,556,705,655,671,260,-1,-1,684,592,734,823,660,1057,769,538,932,616,792,793,751,165,-1,688,183,-1,
760,185,638,288,609,314,574,485,-1,670,264,701,377,774,391,675,579,887,656,737,845,722,541,715,816,643,1060,739,166,-1,675,186,-1,
747,186,627,290,592,313,554,489,-1,666,267,685,390,762,415,649,591,831,700,714,869,716,551,698,832,702,873,728,166,-1,664,186,-1,
737,189,619,287,584,308,528,544,639,678,658,270,675,415,735,439,618,613,684,828,671,919,700,572,784,733,685,906,720,169,-1,656,186,-1,
733,195,610,292,578,318,509,543,617,681,644,267,-1,-1,595,625,682,859,672,936,666,589,671,844,594,917,717,174,-1,653,189,-1,
736,203,605,292,579,320,519,491,-1,634,269,626,451,685,510,572,605,681,856,589,1051,631,584,707,757,-1,719,179,-1,654,196,-1,
742,205,608,297,579,328,530,474,491,552,636,273,739,293,811,304,558,603,680,860,575,1079,614,584,693,748,-1,722,183,-1,660,201,-1,
742,211,604,306,583,337,505,535,576,663,623,279,607,475,663,482,543,617,681,859,569,1077,601,595,683,746,-1,726,190,-1,671,204,-1,
755,232,606,315,591,348,501,545,555,686,611,269,612,473,668,492,542,630,642,780,-1,602,606,681,741,-1,739,207,-1,678,221,-1,
760,231,603,315,594,367,492,549,532,677,601,264,599,474,662,498,557,645,638,784,-1,607,620,677,737,661,803,743,212,-1,681,229,-1,
759,238,599,316,593,371,486,553,524,695,595,266,-1,-1,547,661,636,795,-1,594,631,668,737,650,797,743,221,-1,680,239,-1,
751,249,590,323,590,375,476,554,508,697,583,269,-1,-1,540,664,666,863,552,1054,586,637,610,822,539,931,734,229,-1,671,244,-1,
743,243,579,320,572,372,463,554,479,715,575,271,-1,-1,530,673,660,861,547,1052,572,638,647,731,-1,726,225,-1,662,243,-1,
734,239,574,313,565,362,452,550,453,717,571,265,-1,-1,524,662,656,857,538,1062,559,632,642,732,-1,718,218,-1,653,237,-1,
727,231,569,307,550,343,445,537,438,718,578,263,-1,-1,534,659,658,851,543,1047,560,633,597,795,527,921,713,212,-1,649,223,-1,
715,214,568,301,544,318,519,471,-1,591,284,-1,-1,540,640,660,837,538,1045,565,615,604,786,531,908,702,195,-1,643,197,-1,
714,180,575,279,539,302,505,445,609,459,609,263,571,433,646,501,543,620,664,819,551,1016,579,599,613,774,541,887,699,161,-1,634,171,-1,
710,161,579,252,538,278,416,484,451,655,626,229,711,222,771,220,552,605,665,807,565,996,589,583,637,766,559,842,695,141,-1,631,149,-1,
713,138,576,244,538,258,424,468,462,626,623,223,-1,-1,556,576,663,801,571,980,619,531,738,619,661,741,698,117,-1,631,125,-1,
716,127,582,217,537,240,435,456,484,614,634,190,717,212,798,217,577,545,661,782,578,969,647,499,780,574,669,719,703,103,-1,631,106,-1,
716,106,584,196,538,221,451,446,507,596,637,172,708,212,793,216,581,520,654,759,589,957,663,464,826,518,699,656,698,84,-1,631,88,-1,
712,104,592,172,548,206,469,439,539,580,638,153,719,190,800,186,596,515,652,747,596,949,676,438,863,464,737,613,701,81,-1,641,76,-1,
721,92,585,162,547,204,485,436,564,562,624,122,711,161,787,166,604,471,651,698,611,947,688,399,882,424,801,601,712,70,-1,648,65,-1,
993,289,1007,334,968,331,-1,-1,1050,336,-1,-1,943,437,906,533,816,616,997,451,959,548,-1,986,281,1001,280,-1,1020,286,
731,71,584,154,554,201,510,427,592,570,595,97,694,146,780,149,607,469,651,683,623,945,672,425,649,684,-1,715,54,-1,653,58,-1,
728,65,601,130,591,104,699,116,788,137,-1,-1,-1,614,444,653,686,634,945,687,379,-1,-1,714,54,-1,655,59,-1,
746,78,603,154,583,191,550,439,668,599,582,90,-1,-1,641,443,656,682,641,943,718,362,930,323,-1,731,57,-1,665,58,-1,
755,72,606,171,581,219,575,454,693,606,621,112,-1,-1,642,458,667,689,645,943,719,373,933,323,1093,349,736,59,-1,672,70,-1,
758,69,621,157,597,206,614,483,689,598,613,118,-1,-1,653,461,687,699,654,941,708,377,767,360,-1,742,57,-1,681,73,-1,
773,90,623,197,593,248,616,501,735,629,631,136,-1,-1,664,476,707,713,664,943,721,377,990,319,1160,286,751,75,-1,689,91,-1,
779,97,630,177,602,255,632,502,725,615,626,144,779,181,843,133,662,477,720,727,670,945,714,385,975,316,1172,292,759,84,784,72,691,103,-1,
773,119,627,201,599,266,635,512,757,649,637,146,762,153,840,139,666,479,727,740,668,949,715,395,962,302,1139,329,758,101,-1,691,115,-1,
772,122,623,202,596,272,631,513,747,650,623,154,751,161,830,148,671,486,734,742,665,950,711,418,-1,-1,756,106,-1,687,123,-1,
766,117,627,192,599,268,622,511,734,645,622,154,757,165,839,152,683,477,736,746,664,952,732,393,972,302,1062,418,748,102,-1,683,125,-1,
768,113,625,213,599,280,615,517,731,651,634,159,747,168,838,156,680,480,736,752,662,953,734,398,975,324,-1,748,99,-1,677,122,-1,
766,105,626,215,595,279,600,511,725,654,638,158,757,173,831,160,685,485,734,750,662,954,748,398,979,336,884,610,740,91,-1,674,118,-1,
762,102,631,189,615,238,589,497,705,642,625,152,741,171,831,161,682,492,731,747,660,955,736,420,976,383,887,626,738,87,-1,674,108,-1,
763,97,629,210,589,256,574,489,692,636,654,158,736,170,840,162,687,498,734,712,662,955,766,428,977,425,863,647,741,79,-1,673,101,-1,
759,105,641,206,596,250,570,470,684,635,687,167,772,181,861,168,688,507,733,716,664,959,771,436,968,472,863,648,742,82,-1,676,92,-1,
763,88,644,201,600,242,559,470,672,629,684,158,764,183,853,178,693,518,732,717,666,958,786,454,950,518,816,696,744,70,-1,681,89,-1,
777,91,655,200,603,240,557,466,663,622,707,159,762,197,854,190,693,523,730,744,668,962,791,465,930,554,788,730,760,72,-1,691,86,-1,
787,86,671,206,615,239,556,460,644,607,730,174,-1,-1,691,527,732,757,670,964,793,478,904,597,771,763,767,66,-1,697,86,-1,
797,84,682,201,627,233,555,457,634,607,740,170,798,242,897,236,690,533,736,763,670,963,788,494,876,630,756,797,779,65,-1,708,86,-1,
809,89,694,205,633,232,555,450,620,604,758,177,-1,-1,689,533,741,756,669,962,786,495,836,658,750,826,787,66,-1,716,89,-1,
820,108,707,210,641,232,557,442,611,596,773,189,-1,-1,687,541,743,758,744,841,777,513,801,688,745,834,802,78,818,81,731,89,-1,
831,104,714,215,652,241,562,439,608,606,777,188,-1,-1,682,537,753,766,746,842,768,513,789,674,676,934,811,81,832,85,741,99,-1,
841,116,722,216,669,238,570,435,603,610,780,193,-1,-1,676,533,757,773,751,846,752,513,787,670,677,932,825,91,-1,759,105,-1,
854,124,725,224,673,246,573,442,598,608,783,203,782,324,870,385,675,548,757,772,675,962,750,526,785,677,-1,837,102,-1,769,117,-1,
868,125,728,228,674,256,574,437,595,605,784,202,777,317,860,398,672,555,758,768,750,843,745,531,781,686,678,931,848,102,865,105,779,124,-1,
872,128,727,234,677,257,574,440,591,612,778,213,761,350,849,414,667,562,755,771,673,962,737,539,777,686,690,840,854,107,868,107,784,131,-1,
877,133,730,234,685,260,573,443,587,613,774,213,761,338,821,402,659,566,751,772,748,847,730,545,773,681,675,938,859,115,873,111,787,135,-1,
871,147,721,246,680,273,569,450,582,621,758,217,757,348,823,416,652,573,748,773,751,850,721,547,768,682,743,846,856,128,870,124,788,149,-1,
872,160,715,254,674,281,564,460,573,629,752,228,750,357,824,423,645,579,749,776,747,850,712,551,765,685,672,936,855,141,871,139,786,156,-1,
867,166,707,263,666,286,560,463,567,630,744,238,740,356,819,413,639,580,749,776,742,854,705,554,761,685,669,940,850,147,-1,780,166,-1,
860,178,699,269,656,295,553,472,558,641,736,244,753,366,840,421,634,592,748,772,740,854,703,565,761,695,666,929,841,155,-1,770,169,-1,
843,178,685,275,645,300,540,483,553,653,725,247,744,339,823,392,631,591,747,770,743,853,697,563,762,696,661,926,827,159,-1,760,173,-1,
827,177,681,276,632,301,533,492,552,660,731,252,710,383,743,475,628,589,745,774,738,855,702,559,770,692,660,938,811,155,-1,749,168,-1,
812,165,673,276,629,300,524,501,556,670,724,253,726,329,806,341,629,591,740,786,737,855,690,552,791,673,744,847,795,146,812,146,733,163,-1,
801,164,665,271,624,292,524,505,563,674,708,248,-1,-1,621,570,731,794,648,972,706,524,830,626,751,799,780,145,-1,717,165,-1,
797,159,652,260,611,292,526,507,574,672,689,232,-1,-1,634,560,727,790,646,971,724,511,864,587,759,746,780,139,-1,707,159,-1,
790,150,637,243,608,289,529,503,583,657,666,205,-1,-1,647,547,715,779,646,971,727,481,890,538,789,689,770,132,790,126,698,150,-1,
782,146,635,232,603,269,532,497,598,653,666,198,-1,-1,649,535,702,763,645,970,736,457,914,485,817,655,763,125,-1,691,140,-1,
774,139,622,221,587,271,532,497,614,651,659,183,765,215,851,217,645,518,688,763,643,967,731,434,927,436,854,630,755,120,-1,687,132,-1,
766,131,611,215,575,263,561,424,679,378,647,180,-1,-1,635,514,679,731,640,968,716,426,928,400,959,622,746,112,-1,678,127,-1,
760,138,600,224,567,276,534,500,640,660,626,178,-1,-1,640,511,677,722,637,972,713,421,940,365,-1,739,119,-1,670,128,-1,
756,132,591,213,562,277,537,509,644,659,581,149,-1,-1,634,501,672,742,634,975,708,413,927,347,1075,404,733,116,757,103,661,130,-1,
746,142,583,223,552,288,545,521,660,673,569,155,-1,-1,632,516,672,770,630,979,698,422,923,350,1095,360,725,125,-1,653,137,-1,
731,165,574,221,548,298,551,537,669,683,560,170,-1,-1,625,521,680,778,627,978,696,423,918,355,1125,302,716,141,-1,647,148,-1,
721,171,572,260,537,323,557,549,670,690,563,186,-1,-1,632,526,688,772,624,979,689,433,913,347,1130,284,708,150,-1,635,157,-1,
714,180,564,267,527,326,561,556,675,697,569,204,-1,-1,630,540,690,784,620,983,688,436,903,342,1124,284,697,159,-1,627,164,-1,
709,180,560,274,522,327,562,562,678,704,563,215,-1,-1,631,545,689,800,617,988,685,447,1069,404,-1,689,159,-1,615,169,-1,
699,181,546,281,517,343,561,569,676,705,545,211,-1,-1,627,550,687,803,613,987,664,463,-1,-1,678,160,-1,604,173,-1,
691,180,543,283,506,342,555,570,678,707,567,230,-1,-1,619,556,681,806,607,989,671,472,-1,-1,671,158,-1,596,171,-1,
684,176,538,277,505,341,550,569,673,701,555,218,-1,-1,621,536,680,802,604,994,675,437,892,335,1028,420,664,155,-1,592,169,-1,
680,168,536,280,505,341,546,567,672,696,544,215,-1,-1,620,525,673,807,601,992,673,438,895,344,-1,662,148,-1,588,165,-1,
680,155,535,268,506,329,539,559,667,688,541,210,-1,-1,615,530,665,819,600,998,667,447,902,375,928,625,661,137,-1,588,157,-1,
685,140,544,253,510,313,533,553,663,680,557,206,719,205,849,266,613,523,663,810,600,999,684,443,899,402,860,651,663,123,-1,588,151,-1,
685,141,543,254,523,301,522,455,-1,540,199,-1,-1,609,525,665,778,603,1001,685,455,895,438,822,663,664,121,-1,589,147,-1,
692,129,558,238,535,293,521,534,643,663,562,190,721,214,817,253,610,533,662,800,601,1005,688,464,893,484,779,696,666,110,693,102,595,143,-1,
700,130,566,255,531,303,510,535,645,666,604,216,722,226,-1,610,544,667,810,602,1011,694,485,878,526,746,727,673,114,696,105,604,141,-1,
710,128,572,259,532,309,506,540,643,667,610,218,-1,-1,610,560,671,812,603,1015,698,503,860,572,713,771,688,113,708,107,617,144,-1,
716,136,587,253,556,299,503,540,641,667,611,220,732,220,745,188,597,562,670,828,605,1020,686,518,841,612,687,803,693,119,-1,629,149,-1,
726,157,596,263,561,296,501,537,633,669,619,233,736,219,-1,596,563,667,842,607,1024,664,515,815,648,609,1017,708,139,-1,642,158,-1,
743,156,604,270,573,300,502,538,629,670,635,245,-1,-1,583,566,670,842,610,1025,656,524,794,683,-1,721,137,-1,652,164,-1,
753,158,607,279,574,311,506,540,631,671,638,249,-1,-1,579,595,676,837,612,1019,652,554,772,700,-1,728,142,-1,664,169,-1,
766,169,619,277,589,299,519,530,636,658,652,259,654,420,698,430,571,592,677,839,616,1016,658,564,746,729,-1,742,147,-1,674,169,-1,
770,165,622,279,595,305,527,525,629,631,648,255,643,438,688,414,572,608,683,829,619,1007,658,594,727,739,-1,750,146,-1,687,169,-1,
777,166,632,267,615,301,546,529,636,638,630,221,-1,-1,580,617,692,837,621,1010,638,606,714,740,-1,759,150,-1,698,171,-1,
784,160,635,264,625,308,574,522,664,634,628,217,787,256,876,272,595,624,697,833,626,1010,612,608,643,809,567,970,765,144,-1,710,167,-1,
787,163,634,270,637,329,597,532,699,625,623,218,787,259,856,259,596,628,708,831,630,1014,582,610,636,810,570,983,769,147,-1,717,168,-1,
788,170,633,274,655,325,620,537,723,621,606,223,-1,-1,589,615,717,829,632,1014,537,606,635,798,570,987,771,150,-1,719,166,-1,
780,162,631,275,671,318,652,527,750,612,587,228,519,380,-1,594,610,731,822,635,1014,531,601,630,797,571,987,762,144,-1,714,166,-1,
772,165,623,276,680,312,676,521,772,601,562,236,508,395,-1,621,621,753,810,646,1010,542,610,624,793,571,991,756,147,-1,705,162,-1,
754,169,612,274,683,305,696,512,787,596,539,242,471,395,-1,640,629,781,788,666,999,544,618,621,780,574,990,740,149,-1,692,157,-1,
739,163,600,272,682,297,714,495,794,586,517,245,443,401,-1,650,626,804,762,678,974,552,624,617,780,575,987,725,143,-1,675,151,-1,
727,151,592,265,683,285,724,452,798,571,499,244,423,409,514,394,656,613,830,724,695,936,546,615,625,750,580,978,710,132,-1,659,144,-1,
703,153,578,258,676,270,724,428,808,560,480,243,409,409,509,387,671,593,854,685,714,889,557,605,623,760,584,963,689,133,-1,640,138,-1,
686,137,564,250,668,258,720,431,809,552,460,241,400,406,492,377,686,583,874,637,741,850,571,605,613,775,582,968,671,119,-1,620,127,-1,
671,130,552,243,658,247,714,423,810,547,448,237,397,401,478,365,693,568,892,586,781,804,572,594,611,770,584,965,659,113,-1,609,122,-1,
658,127,548,237,651,236,706,407,798,547,441,234,397,393,469,356,692,552,610,774,596,958,576,583,613,758,589,956,646,109,-1,601,117,-1,
651,132,544,234,648,233,702,401,784,530,436,231,398,386,460,354,702,539,789,638,831,725,583,581,614,755,597,963,643,112,-1,598,117,-1,
652,130,539,233,643,234,698,397,757,504,431,230,401,382,-1,701,541,778,659,792,710,588,592,616,758,607,967,642,111,-1,596,117,-1,
649,140,535,233,637,235,695,402,769,532,427,230,407,381,-1,693,545,778,681,812,726,584,589,618,758,609,974,644,122,-1,598,119,-1,
653,135,531,235,632,239,689,406,762,531,421,230,412,382,-1,694,553,769,683,807,708,591,603,616,768,604,982,644,117,-1,597,122,-1,
653,140,532,239,633,243,687,411,745,523,426,233,417,391,-1,697,554,777,626,-1,592,603,614,766,601,986,644,123,-1,597,125,-1,
652,152,534,247,634,252,686,417,747,532,429,242,428,403,-1,692,559,938,431,1167,366,593,603,622,761,604,976,646,134,-1,599,135,-1,
651,160,533,255,631,257,683,425,748,532,430,253,435,415,-1,684,557,731,681,789,685,584,594,629,758,609,975,642,143,-1,598,145,-1,
651,167,534,264,631,267,685,436,763,581,431,263,441,430,-1,686,563,769,685,794,704,591,598,630,756,610,978,643,149,-1,596,152,-1,
644,176,532,272,630,272,685,445,767,592,431,273,444,445,-1,693,571,768,690,803,729,601,611,627,761,605,986,-1,-1,591,157,-1,
641,177,531,275,629,272,690,446,774,593,430,280,445,451,-1,692,569,756,685,797,726,600,610,626,763,604,983,633,158,-1,589,160,-1,
640,174,532,279,630,273,694,446,773,594,429,285,440,457,490,426,688,569,764,684,809,736,597,610,626,769,603,989,631,155,-1,585,161,-1,
638,172,532,279,632,273,698,443,797,589,428,285,434,457,-1,697,573,728,689,822,736,596,616,624,773,600,992,628,152,-1,583,160,-1,
641,164,535,277,637,273,703,444,831,608,428,283,423,458,-1,705,569,776,674,809,743,596,617,622,778,599,996,630,146,-1,582,159,-1,
647,161,538,276,642,272,710,445,820,579,429,280,412,458,486,425,711,581,912,499,844,768,598,629,616,788,595,1003,635,143,-1,587,155,-1,
652,162,544,274,648,270,716,442,809,550,435,276,402,455,487,420,710,576,868,603,-1,593,622,614,788,594,1005,641,143,-1,595,154,-1,
664,159,551,271,658,269,725,444,819,556,441,272,393,448,485,414,709,588,901,617,774,857,591,625,609,795,594,1002,649,139,-1,601,150,-1,
675,153,563,271,672,270,729,447,827,565,453,268,387,439,489,411,709,600,879,669,742,905,586,629,607,792,594,1006,662,135,-1,615,150,-1,
691,148,577,273,685,276,738,457,835,571,468,267,384,433,494,409,703,617,857,714,722,947,582,630,605,799,595,1007,675,130,-1,629,151,-1,
704,149,591,277,696,286,742,468,834,578,486,266,387,429,503,408,697,627,830,756,707,976,580,638,602,812,590,1017,687,131,-1,647,154,-1,
721,150,602,282,705,298,745,482,826,589,500,266,397,422,499,410,690,642,795,812,690,1018,576,646,601,825,582,1044,707,132,-1,664,157,-1,
751,163,615,288,716,308,744,494,819,612,518,265,414,418,516,413,674,645,774,832,668,1047,565,640,616,789,581,1054,733,146,-1,686,168,-1,
766,175,629,298,723,328,742,515,811,630,538,268,435,412,529,418,664,657,744,853,655,1050,562,653,619,806,577,1060,749,158,-1,701,180,-1,
784,181,643,310,733,349,748,525,791,667,559,273,453,420,-1,659,671,728,873,648,1065,562,659,620,831,573,1062,772,164,-1,727,191,-1,
814,216,661,333,737,375,724,576,800,701,585,286,477,422,-1,646,686,737,882,648,1079,548,671,624,851,574,1079,796,197,-1,745,223,-1,
816,239,665,348,730,393,700,604,747,716,598,296,502,420,-1,634,686,751,896,649,1079,540,676,632,850,577,1078,805,219,-1,760,246,-1,
840,259,674,365,726,412,677,626,733,742,622,316,531,424,-1,626,691,759,910,655,1079,548,678,635,853,580,1077,821,240,-1,770,271,-1,
857,291,685,375,723,423,655,645,713,767,647,321,-1,-1,607,696,767,914,651,1079,551,681,650,845,581,1079,840,268,-1,782,293,-1,
857,310,693,391,719,445,637,655,694,780,672,329,-1,-1,605,702,775,915,656,1079,560,687,665,833,582,1062,840,287,-1,786,311,-1,
861,321,703,392,718,450,623,659,686,791,691,334,-1,-1,607,712,785,914,655,1079,583,695,680,839,585,1061,847,303,-1,792,321,-1,
866,328,711,397,716,451,607,659,663,819,704,340,-1,-1,633,718,792,914,659,1079,685,779,685,876,590,1045,852,313,-1,795,331,-1,
869,334,716,402,708,453,600,657,652,820,714,346,859,532,997,527,669,729,-1,-1,639,706,699,895,597,1036,856,314,-1,796,332,-1,
875,331,721,404,712,448,591,649,643,810,720,344,847,518,982,529,698,765,797,911,678,1079,716,745,707,904,615,1002,861,314,-1,799,328,-1,
885,325,732,400,712,432,588,640,638,799,751,376,861,529,996,521,701,750,797,913,679,1079,726,722,768,888,643,957,867,308,-1,800,323,-1,
889,317,731,397,710,432,587,631,639,784,740,349,842,491,920,492,691,719,792,919,680,1079,743,675,864,754,784,846,871,298,-1,802,314,-1,
884,316,734,389,708,416,589,620,645,777,757,362,796,459,881,471,691,686,789,911,686,1079,761,648,894,720,783,841,870,294,-1,802,305,-1,
882,301,732,377,701,403,593,613,649,763,760,351,796,447,869,450,702,673,785,901,689,1079,778,624,925,682,789,818,865,278,-1,801,291,-1,
881,291,730,356,708,388,597,607,664,758,746,314,-1,-1,706,659,780,891,696,1079,783,607,951,640,815,786,866,270,-1,799,279,-1,
882,276,724,347,695,388,598,600,672,744,753,312,-1,-1,709,643,772,872,699,1079,780,584,971,596,833,766,870,257,-1,798,265,-1,
883,263,723,334,694,370,603,593,678,722,757,305,-1,-1,707,622,760,854,698,1079,783,555,985,555,880,745,868,241,-1,796,250,-1,
880,248,716,321,689,363,610,579,695,721,718,263,-1,-1,710,617,755,837,700,1077,769,573,-1,-1,867,225,-1,795,238,-1,
876,242,712,314,682,358,616,579,704,716,728,266,-1,-1,720,589,743,826,706,1079,793,516,1009,478,-1,865,216,-1,794,227,-1,
870,239,705,301,681,356,623,582,719,723,702,241,-1,-1,715,590,736,824,706,1079,783,513,1008,455,1124,507,858,215,-1,791,222,-1,
863,234,699,305,676,358,634,585,728,723,703,248,-1,-1,717,589,738,821,706,1079,789,504,1004,445,1147,469,849,212,-1,784,218,-1,
855,240,697,314,668,365,640,594,727,725,706,262,-1,-1,717,598,741,828,706,1079,792,507,1007,439,1177,411,842,219,-1,776,224,-1,
848,250,699,326,663,366,646,610,719,726,735,291,-1,-1,705,607,754,840,704,1079,788,521,1008,432,1185,391,836,228,-1,770,231,-1,
844,253,691,339,665,375,652,622,754,754,707,300,-1,-1,720,617,763,857,706,1078,781,519,992,431,1179,390,831,232,-1,763,241,-1,
829,279,684,349,665,392,668,628,766,752,684,295,-1,-1,720,620,767,856,707,1079,763,542,983,423,1176,400,820,252,-1,756,251,-1,
830,270,683,354,666,389,664,638,760,753,690,305,-1,-1,718,625,762,861,709,1079,772,530,994,413,1171,426,814,248,-1,749,258,-1,
823,274,679,357,656,385,663,634,709,717,699,324,-1,-1,710,633,761,861,709,1079,764,554,994,419,1145,468,808,253,-1,743,260,-1,
816,271,676,356,653,388,657,633,723,719,689,320,-1,-1,719,633,758,867,708,1079,765,562,990,434,-1,801,251,-1,736,260,-1,
813,267,673,361,643,397,654,630,801,747,700,327,-1,-1,712,640,755,865,708,1079,770,561,1003,457,-1,798,244,-1,729,256,-1,
811,257,673,351,644,397,649,627,781,734,684,310,-1,-1,714,636,752,864,707,1079,774,544,993,468,-1,792,236,-1,722,248,-1,
803,247,670,346,645,381,647,621,796,729,-1,-1,-1,713,653,748,862,706,1079,781,549,994,498,1004,760,785,223,-1,721,238,-1,
801,244,672,346,646,378,649,619,794,721,701,317,-1,-1,706,655,749,866,705,1079,778,559,988,531,961,756,781,220,-1,718,229,-1,
798,227,674,336,651,373,642,612,791,712,688,299,795,297,898,358,711,661,750,869,706,1079,781,556,976,571,909,784,779,209,-1,717,222,-1,
800,218,678,327,657,363,640,600,723,684,702,296,-1,-1,708,643,753,875,707,1079,786,577,958,614,851,824,780,198,802,197,721,214,-1,
808,203,686,328,658,357,640,587,743,691,715,303,-1,-1,710,650,761,882,709,1079,775,585,933,656,803,857,786,184,-1,723,205,-1,
808,194,686,319,664,352,636,581,757,682,710,292,-1,-1,707,643,760,887,709,1079,778,593,903,696,777,862,788,175,-1,727,197,-1,
810,183,686,309,670,341,635,566,750,665,702,280,-1,-1,702,655,761,881,708,1079,756,629,863,725,-1,792,163,-1,733,184,-1,
814,174,687,292,683,327,637,550,735,643,676,245,-1,-1,703,655,757,864,707,1079,765,635,814,773,-1,795,155,-1,738,174,-1,
820,162,687,281,692,320,647,529,745,635,671,237,-1,-1,709,660,752,876,711,1079,730,650,720,862,641,1001,799,145,-1,741,163,-1,
826,154,692,269,705,306,652,522,750,620,670,229,-1,-1,694,642,751,868,713,1079,696,633,697,840,640,1011,805,136,-1,748,154,-1,
831,149,694,261,718,299,664,508,758,610,667,222,-1,-1,697,630,748,864,712,1079,658,613,679,843,635,1039,814,130,-1,758,147,-1,
834,145,694,260,725,295,682,499,768,602,658,224,-1,-1,696,625,747,858,711,1079,640,608,667,840,632,1052,817,126,-1,764,148,-1,
830,147,692,261,734,292,692,503,792,606,648,228,-1,-1,694,621,755,854,704,1059,629,607,662,838,628,1042,817,130,-1,763,150,-1,
826,157,681,266,733,293,708,502,788,588,626,239,596,427,-1,687,623,769,843,706,1050,613,608,654,827,628,1036,812,136,-1,760,154,-1,
813,162,671,271,734,295,722,500,800,591,606,246,560,424,-1,685,626,792,823,712,1043,599,617,654,825,627,1030,799,143,-1,748,159,-1,
807,172,662,274,736,297,734,498,813,595,588,251,546,426,-1,696,630,815,803,725,1021,598,627,655,815,626,1022,791,151,-1,739,163,-1,
789,173,650,273,730,293,742,485,816,591,572,253,503,420,589,441,700,624,839,779,732,994,598,625,656,780,625,1012,776,154,-1,724,163,-1,
774,174,638,271,724,287,747,474,820,581,551,254,469,415,566,431,705,616,870,747,740,956,596,619,656,765,623,1003,762,152,-1,710,158,-1,
760,164,628,267,720,279,751,460,828,579,535,252,447,413,556,422,713,602,900,706,756,917,604,610,647,788,624,992,746,148,-1,694,154,-1,
752,166,622,260,716,269,754,435,839,556,526,247,427,404,546,399,721,594,919,660,781,866,609,609,641,801,624,989,735,145,-1,681,147,-1,
721,146,614,245,709,250,749,416,832,535,515,236,411,389,526,380,733,578,934,609,820,822,614,595,641,789,625,980,711,127,-1,668,133,-1,
720,121,606,223,705,224,754,381,834,505,506,218,431,322,-1,741,554,951,550,888,769,612,579,639,757,625,967,707,102,-1,661,111,-1,
711,89,602,200,705,199,756,359,841,494,499,197,396,350,515,329,745,528,783,541,822,684,621,573,631,749,625,965,699,68,-1,670,82,574,73,
715,73,597,173,700,171,761,327,847,482,494,173,392,331,509,318,743,510,779,661,829,691,620,560,622,749,623,961,702,59,-1,652,63,568,52,
708,67,597,154,706,151,764,310,839,453,490,153,386,318,499,299,741,492,784,529,831,696,615,536,622,737,620,957,700,49,-1,654,50,567,36,
712,23,597,145,707,142,777,300,835,426,487,144,387,307,504,287,745,483,819,499,844,702,614,528,624,734,618,959,700,0,-1,653,43,570,31,
701,67,597,144,707,142,779,293,858,451,487,143,382,306,502,286,745,482,792,519,830,688,616,531,626,735,616,961,698,49,-1,654,43,571,30,
710,66,598,151,705,151,791,313,847,434,488,149,380,313,498,298,746,482,838,475,846,688,620,534,632,738,620,975,701,48,-1,654,47,571,6,
708,78,594,164,700,163,792,319,858,427,483,161,376,322,496,313,749,481,968,393,1202,424,626,546,639,744,630,977,699,58,-1,652,56,565,32,
705,92,593,176,700,179,797,337,901,487,481,170,381,335,498,330,748,482,826,449,824,662,628,544,646,744,643,969,697,71,-1,649,66,-1,
700,97,589,181,699,184,795,341,899,484,477,176,387,346,509,345,752,487,957,361,1146,451,633,545,653,731,648,964,694,76,-1,648,71,566,52,
702,93,592,182,700,183,794,337,890,473,480,179,393,354,513,352,755,493,804,450,813,632,637,546,656,729,650,956,695,73,-1,648,71,565,56,
705,89,595,178,703,176,795,328,892,448,482,177,397,354,-1,755,486,956,338,823,641,640,543,658,723,651,950,695,70,-1,648,67,568,48,
701,77,598,176,705,172,800,322,871,395,486,175,401,355,521,343,763,485,950,340,-1,643,538,660,721,652,943,692,57,-1,649,61,561,7,
700,77,601,172,708,168,810,325,883,389,489,174,404,352,525,334,766,485,952,354,875,666,646,539,660,718,653,940,692,57,-1,648,56,562,0,
704,68,605,168,715,163,813,318,907,404,491,169,405,345,527,320,769,485,933,433,905,651,646,537,660,716,652,948,695,48,-1,650,52,569,34,
706,65,609,164,718,158,819,319,905,394,495,166,405,338,527,314,771,487,946,432,854,672,644,534,658,719,656,940,697,48,-1,655,49,568,41,
708,66,615,160,723,155,821,317,915,397,502,162,405,330,530,301,768,489,935,473,823,701,642,532,656,718,659,937,701,46,-1,662,42,573,26,
714,62,624,156,732,152,824,316,911,382,509,157,410,318,532,288,769,489,918,518,784,744,643,529,656,716,660,931,708,38,-1,668,39,583,30,
-1,629,153,740,150,824,317,906,377,512,152,409,312,530,282,765,486,891,561,765,778,638,520,654,715,655,929,715,27,-1,677,36,592,25,
732,31,636,152,748,151,821,320,895,380,519,149,414,306,536,279,757,494,866,598,748,818,631,522,647,714,650,920,721,20,-1,685,32,596,19,
745,27,642,152,752,154,814,321,871,370,529,146,424,304,538,284,752,502,837,633,738,857,624,523,642,711,645,922,731,18,-1,696,32,604,2,
-1,654,154,761,159,814,334,879,385,542,146,437,306,541,283,749,507,822,666,731,890,622,516,641,713,646,918,742,3,-1,711,33,619,20,
-1,663,157,769,167,813,361,884,391,555,145,457,311,557,295,742,514,807,691,729,919,620,517,639,722,646,923,762,14,-1,727,38,636,25,
-1,671,164,775,178,810,311,-1,568,148,477,317,575,299,735,513,792,710,730,935,618,510,641,726,644,925,782,5,-1,744,46,657,31,
811,69,680,171,779,191,817,321,-1,582,151,499,321,594,318,730,516,785,731,727,943,616,507,645,724,637,934,800,49,-1,752,64,670,14,
-1,692,185,785,212,819,345,-1,598,156,529,324,-1,728,543,784,751,724,947,620,531,651,736,635,944,816,60,-1,772,81,688,60,
-1,700,200,788,231,814,367,854,530,612,167,540,325,-1,722,550,785,759,723,954,619,544,663,734,629,945,829,74,-1,783,94,700,66,
839,98,701,205,778,238,800,386,844,507,627,173,580,277,-1,716,559,792,773,721,961,620,551,676,734,628,950,832,85,-1,793,108,-1,
878,130,711,222,766,256,747,468,837,530,649,181,-1,-1,720,572,807,777,723,963,640,563,690,753,633,948,861,104,-1,804,122,-1,
885,140,723,233,768,273,736,481,825,543,673,190,-1,-1,728,582,813,788,725,963,649,569,710,753,634,950,872,119,-1,813,134,-1,
886,150,730,242,761,284,709,491,809,559,698,195,-1,-1,725,593,822,790,727,963,660,576,729,763,633,949,874,132,-1,819,147,-1,
888,156,733,249,746,300,682,498,782,571,717,194,-1,-1,722,597,826,792,728,962,689,588,748,766,638,930,873,139,-1,816,153,-1,
889,162,735,258,728,292,660,505,760,572,732,212,756,435,821,496,728,607,827,790,726,960,750,590,763,768,648,901,871,140,-1,812,159,-1,
886,169,740,261,721,287,642,497,752,583,757,233,-1,-1,725,606,828,788,726,957,776,578,781,763,666,867,873,149,-1,808,162,-1,
878,171,737,265,715,291,623,497,745,584,763,236,770,364,841,362,716,589,827,790,722,962,779,559,881,673,820,737,863,152,-1,801,163,-1,
875,169,737,265,706,291,607,495,739,592,770,241,786,344,856,348,713,580,826,792,719,967,793,542,913,650,821,733,858,148,-1,795,164,-1,
869,172,734,266,699,287,596,492,725,592,769,246,788,339,857,350,729,577,822,794,716,970,813,537,942,618,826,726,852,152,-1,788,163,-1,
862,171,728,257,694,276,588,491,716,590,764,239,778,332,851,343,738,573,818,792,717,972,824,526,971,574,834,690,849,153,-1,784,162,-1,
859,173,727,252,690,272,586,486,700,581,765,234,778,331,845,337,742,558,816,783,719,973,822,501,999,528,852,678,846,153,-1,782,157,-1,
857,166,722,252,681,274,586,482,691,578,766,232,783,328,831,320,750,562,810,769,723,974,828,492,1011,486,890,654,843,145,-1,781,152,-1,
856,160,719,247,681,275,590,481,699,573,756,222,828,314,908,281,746,550,807,763,725,972,821,478,1025,450,956,642,842,139,-1,781,148,-1,
851,157,714,238,676,263,594,478,694,566,752,216,-1,-1,746,540,801,756,727,973,829,459,1051,424,973,647,839,136,-1,780,141,-1,
853,160,711,236,669,262,598,479,705,569,751,214,-1,-1,749,539,788,762,727,974,827,452,1038,406,-1,841,140,-1,779,139,-1,
851,163,715,236,659,264,603,480,720,581,754,211,-1,-1,746,534,783,764,727,972,828,448,1028,398,1165,419,837,141,-1,775,141,-1,
843,168,709,241,653,267,604,483,722,581,759,217,-1,-1,745,536,782,768,725,973,831,444,1021,396,1196,370,831,147,-1,773,145,-1,
841,175,701,248,651,278,603,496,691,587,752,224,-1,-1,747,536,787,771,725,970,823,440,1019,388,1195,353,831,154,-1,770,152,-1,
842,183,700,253,647,285,603,504,703,590,752,231,-1,-1,745,538,796,765,725,972,819,443,1015,383,1190,352,829,161,-1,766,161,-1,
836,191,702,264,642,292,600,515,702,592,761,241,857,327,895,288,746,540,798,769,724,976,824,444,1017,380,1161,369,823,169,-1,762,169,-1,
833,205,694,268,641,300,600,520,699,605,746,244,824,330,889,307,742,546,797,777,723,979,815,450,1017,379,1155,393,822,181,-1,756,176,-1,
828,197,690,271,637,303,598,522,700,606,744,247,-1,-1,743,546,795,774,723,979,816,452,1023,379,1123,437,816,174,-1,752,178,-1,
825,195,688,271,633,306,595,519,703,601,743,247,831,336,902,333,742,547,791,778,723,982,820,453,1020,382,966,652,813,173,-1,748,177,-1,
823,188,690,272,633,304,587,519,699,590,747,248,831,329,911,322,743,546,789,780,724,985,820,455,1031,404,-1,809,168,-1,746,172,-1,
821,179,695,266,635,293,582,504,685,586,754,246,843,327,881,314,740,546,786,773,725,986,822,463,1010,427,965,666,806,158,-1,739,167,-1,
813,180,691,262,636,290,576,500,690,576,748,239,809,298,890,303,740,555,782,770,724,988,822,471,1002,447,929,668,803,159,-1,738,161,-1,
815,165,692,255,636,290,571,498,705,573,748,227,783,270,837,300,732,547,776,772,722,992,819,481,986,488,840,705,803,143,-1,736,155,-1,
812,159,692,248,641,282,569,488,688,564,742,218,779,256,841,298,722,547,776,776,720,996,810,494,959,529,815,704,800,134,-1,733,150,-1,
811,157,696,247,640,279,566,483,705,557,752,219,788,259,850,301,716,543,773,780,720,996,806,496,929,571,802,706,799,135,-1,732,147,-1,
816,148,702,241,649,269,569,473,703,549,756,214,811,281,865,312,708,536,771,781,721,995,794,500,894,603,789,719,801,126,-1,735,140,-1,
821,145,708,240,656,264,574,465,714,546,760,218,794,272,872,317,703,551,769,785,727,992,791,514,855,640,791,723,805,124,-1,738,136,-1,
827,136,715,235,669,256,577,461,715,543,763,216,781,302,871,335,691,562,768,771,725,992,768,536,746,735,659,831,810,116,-1,742,134,-1,
831,138,716,239,679,259,585,455,718,545,755,220,772,334,893,326,674,561,768,774,725,991,738,543,726,737,627,866,813,118,-1,748,137,-1,
830,160,722,247,686,259,596,457,714,546,768,235,-1,-1,658,557,768,775,721,994,715,541,709,727,612,882,816,137,-1,756,147,-1,
836,181,712,266,688,279,622,455,717,555,735,256,-1,-1,655,556,767,776,722,995,703,539,675,736,608,890,822,157,835,161,762,163,-1,
848,191,716,272,702,287,632,458,711,564,731,262,746,381,819,430,638,562,762,779,728,993,642,551,675,737,618,888,835,167,-1,774,174,-1,
859,203,717,270,709,302,695,495,-1,718,230,728,404,822,466,626,566,753,781,727,1000,615,555,683,734,620,889,849,181,-1,786,185,-1,
866,209,715,275,713,313,618,484,722,569,711,232,684,440,750,461,617,570,743,783,727,1006,622,557,681,742,624,892,853,187,-1,794,192,-1,
873,208,714,277,709,311,621,481,717,561,712,231,682,450,736,468,611,569,733,792,724,1012,639,557,678,753,626,897,859,186,-1,798,193,-1,
866,215,707,272,698,306,616,470,713,555,707,229,674,448,723,451,610,574,721,787,715,1013,642,561,673,758,624,901,856,189,-1,794,190,-1,
863,207,700,264,694,294,602,461,691,546,698,223,662,439,718,462,609,574,710,784,697,1009,630,561,666,764,622,899,851,181,-1,789,179,-1,
846,196,689,253,679,284,582,452,682,536,692,215,653,433,718,471,598,565,700,779,673,1007,622,552,663,764,615,900,836,174,-1,779,170,-1,
832,188,677,244,670,276,574,439,669,528,674,203,644,427,714,468,592,554,691,776,641,1000,613,543,653,750,611,888,824,166,-1,763,157,-1,
819,170,667,236,652,263,566,428,659,522,677,210,641,420,717,476,588,551,681,772,609,993,613,540,646,759,613,888,810,147,-1,751,145,-1,
810,163,662,221,643,240,559,414,654,509,681,207,640,409,710,478,586,542,672,774,578,996,611,532,637,773,644,858,802,135,-1,736,128,-1,
802,143,662,205,643,234,546,412,651,504,676,174,-1,-1,591,539,661,776,555,992,616,527,639,764,649,850,789,116,-1,728,117,-1,
795,136,652,206,637,235,540,413,654,506,654,169,642,402,709,436,593,541,651,788,540,994,622,529,639,779,-1,783,111,-1,720,112,-1,
789,126,648,207,632,237,534,418,654,500,661,179,638,388,698,412,589,546,640,790,523,1008,634,536,670,697,-1,776,101,-1,710,109,-1,
782,128,640,214,626,243,533,427,646,507,651,182,-1,-1,589,549,631,790,520,1011,638,541,673,697,-1,770,103,-1,701,112,-1,
778,129,639,214,625,244,537,435,653,517,634,174,639,398,721,449,591,558,617,803,518,1016,640,548,674,697,-1,761,105,-1,693,115,-1,
770,128,631,219,617,248,535,444,656,508,637,190,643,367,721,396,583,559,612,700,-1,643,549,675,700,649,851,751,107,768,108,683,120,-1,
764,129,622,222,607,255,536,453,661,522,627,187,631,379,732,400,578,558,604,695,-1,638,547,674,701,648,850,742,106,-1,674,121,-1,
758,128,611,222,598,253,531,456,649,523,611,185,-1,-1,573,560,601,705,-1,632,549,668,702,648,849,735,107,-1,666,121,-1,
749,124,609,227,585,250,522,459,642,526,630,209,-1,-1,567,575,594,721,-1,629,564,660,709,647,848,726,105,-1,657,120,-1,
737,120,603,226,573,249,513,458,629,528,634,210,-1,-1,564,581,589,733,-1,624,569,649,716,643,846,715,102,-1,645,119,-1,
711,505,785,503,769,522,782,629,-1,807,485,-1,-1,-1,-1,-1,-1,-1,-1,-1,711,488,-1,740,466,
732,122,590,228,565,253,502,460,633,526,616,211,-1,-1,558,583,579,842,507,1016,618,567,645,716,639,847,711,100,-1,639,117,-1,
724,118,586,227,561,251,497,455,630,526,611,209,627,371,716,397,556,581,579,833,507,1013,619,566,642,716,636,850,703,98,-1,631,111,-1,
723,114,586,223,564,247,491,458,629,526,607,207,629,368,712,400,555,583,574,832,509,1008,618,568,642,717,632,855,702,91,723,91,629,105,-1,
724,105,586,216,568,241,490,458,623,527,602,192,619,370,698,398,556,573,568,828,510,1006,621,560,646,713,627,863,702,83,-1,631,102,-1,
724,105,586,213,573,242,501,455,628,530,600,187,609,377,681,393,558,569,565,820,513,1006,621,557,650,714,622,875,703,83,-1,633,98,-1,
725,95,588,213,576,239,505,457,629,528,594,184,613,375,681,400,560,569,557,828,513,1008,626,559,654,720,618,889,700,77,-1,633,97,-1,
726,98,586,213,577,245,524,446,637,516,578,170,607,389,677,405,557,570,553,825,513,1008,622,559,654,721,616,905,701,76,-1,635,96,-1,
729,89,583,210,583,252,527,453,636,534,566,162,608,402,678,418,555,573,551,817,513,1008,616,559,654,727,621,919,706,69,-1,637,97,-1,
728,90,583,214,583,258,528,468,641,545,567,166,607,421,690,436,555,586,548,825,513,1009,615,573,653,738,630,936,705,72,-1,641,101,-1,
731,98,583,216,589,267,540,479,654,550,565,169,-1,-1,553,593,550,825,511,1012,614,583,652,750,639,964,708,78,-1,643,105,-1,
735,103,586,220,600,275,558,492,672,551,563,172,604,440,675,440,555,607,553,838,508,1014,610,594,657,749,647,975,712,81,-1,646,108,-1,
733,105,586,222,602,275,579,501,695,549,564,173,-1,-1,560,607,556,840,509,1017,602,593,655,778,656,992,712,87,-1,651,113,-1,
739,101,590,224,611,270,602,505,723,546,563,176,-1,-1,564,610,564,839,510,1017,591,594,659,771,662,1002,715,82,-1,654,114,-1,
737,99,591,225,620,268,628,504,745,538,558,179,481,316,-1,571,612,571,849,505,1010,590,596,664,778,663,1007,715,82,-1,656,114,-1,
735,101,589,228,626,268,653,492,757,536,550,185,473,328,-1,581,620,579,852,504,1011,561,587,-1,-1,711,86,-1,656,116,-1,
733,108,591,232,637,268,668,449,760,527,541,193,464,339,-1,599,612,596,857,506,1005,546,588,673,832,662,1022,712,91,-1,657,117,-1,
728,104,587,233,640,263,696,477,786,525,531,200,447,350,-1,609,621,627,842,508,1001,554,595,683,827,658,1021,710,88,-1,653,115,-1,
715,102,588,238,649,263,715,463,830,538,523,209,439,363,536,384,624,616,666,835,514,993,557,604,688,831,656,1022,695,86,-1,648,115,-1,
709,105,591,243,668,265,734,468,828,533,513,218,432,381,534,395,643,610,717,822,546,968,559,610,690,820,654,1010,691,92,-1,644,118,-1,
701,109,586,246,668,262,738,444,831,529,501,227,428,394,529,391,664,611,773,804,576,956,569,609,672,810,652,991,685,92,-1,638,116,-1,
693,108,584,249,671,259,750,443,843,539,492,237,430,404,525,395,692,616,814,776,624,940,594,636,669,800,658,973,678,93,-1,633,118,-1,
691,112,584,251,675,256,763,435,849,545,487,243,432,413,528,399,716,610,-1,-1,609,626,673,794,659,957,676,97,-1,630,119,-1,
687,115,581,249,676,249,765,426,865,555,480,246,434,418,526,396,734,598,-1,-1,621,624,669,801,656,1012,674,99,-1,627,119,-1,
679,119,581,245,681,243,771,418,866,545,475,245,435,417,518,391,746,582,920,608,783,825,621,606,670,790,659,1013,666,101,-1,621,115,-1,
679,108,580,239,683,231,770,406,866,541,470,243,439,415,519,387,759,564,942,546,870,778,629,598,672,780,663,1006,665,95,-1,618,112,-1,
672,108,579,235,685,224,774,393,861,526,469,243,445,413,519,383,760,548,955,494,1001,688,635,586,674,767,666,997,661,93,-1,617,110,-1,
671,110,579,231,688,217,771,379,850,494,465,244,447,415,521,381,766,541,-1,-1,640,588,675,764,666,1006,657,93,-1,612,110,-1,
664,97,579,230,689,214,775,372,855,501,465,245,451,419,522,381,775,536,971,435,1104,642,647,590,674,765,667,1013,650,84,-1,613,110,-1,
664,109,578,232,690,215,785,372,863,500,463,247,454,428,528,385,772,533,980,433,1170,586,649,590,674,767,668,1007,650,93,-1,612,115,-1,
660,121,578,234,688,216,786,369,869,498,461,249,455,431,523,390,777,535,987,436,1198,499,653,594,676,762,669,1004,651,103,-1,612,116,-1,
658,127,579,238,688,220,788,371,875,497,463,255,458,440,527,399,787,536,1007,448,1210,447,660,597,679,768,667,1008,651,110,-1,615,122,-1,
662,136,581,244,691,225,792,375,885,498,466,261,461,453,533,411,789,537,1034,442,1223,420,667,602,685,769,669,1006,653,118,-1,618,129,-1,
666,141,584,252,692,232,796,382,891,491,470,270,465,462,538,426,790,542,1003,437,1216,432,673,604,689,767,671,1002,657,125,-1,620,133,535,141,
668,153,585,260,693,239,798,385,887,471,473,279,472,475,543,436,790,544,987,417,1205,463,672,606,691,771,669,1007,661,133,-1,620,143,-1,
672,154,590,265,698,244,804,392,886,480,477,287,474,482,546,443,787,549,985,404,1177,521,673,607,691,772,666,1012,663,137,-1,623,146,-1,
673,154,594,268,703,247,805,395,888,473,481,291,477,484,553,440,790,555,981,403,1118,593,677,612,692,774,665,1011,666,134,-1,630,149,543,153,
682,147,599,270,708,249,812,400,887,473,486,292,478,482,559,440,789,559,974,413,1060,632,675,612,693,775,664,1011,671,132,-1,634,149,-1,
688,142,607,269,715,249,819,406,936,524,493,288,477,481,558,433,786,561,978,432,836,706,672,609,695,771,661,1018,678,128,-1,638,149,556,151,
695,138,612,265,722,249,828,413,913,495,498,281,475,471,561,431,794,568,902,523,878,702,672,610,695,770,665,1010,684,122,-1,647,142,-1,
704,136,619,260,730,246,829,412,924,513,505,273,472,460,561,424,792,571,979,513,899,743,672,609,694,778,659,1024,693,121,-1,658,136,-1,
723,135,630,254,741,243,837,418,932,524,515,263,469,445,563,406,794,578,967,571,842,805,670,610,692,779,660,1020,708,119,-1,669,132,-1,
734,117,643,248,757,241,843,419,925,531,526,254,466,429,564,398,798,588,954,602,807,840,670,614,689,784,661,1014,719,100,-1,687,120,601,120,
751,111,656,240,769,236,844,421,932,541,539,243,466,414,567,384,791,591,930,655,773,882,666,611,682,788,662,1015,736,96,-1,704,116,620,115,
770,109,671,234,783,237,844,423,922,545,555,230,467,398,-1,776,592,901,692,758,917,656,604,674,786,659,1005,755,90,-1,721,109,635,105,
-1,687,228,799,238,843,427,914,550,574,216,474,380,-1,771,594,866,735,741,954,650,603,667,788,645,1020,778,81,-1,749,101,655,92,
804,106,702,226,813,243,845,439,903,558,591,206,483,361,-1,761,600,845,763,730,986,642,609,665,789,637,1034,796,86,-1,771,104,672,87,
-1,716,228,823,254,838,453,892,576,610,198,504,346,493,359,753,608,822,799,721,1008,635,607,664,788,634,1041,-1,-1,802,110,698,80,
-1,731,231,832,267,835,469,883,588,633,195,513,343,-1,744,610,805,810,718,1023,629,601,666,795,632,1033,-1,-1,821,123,727,89,
894,126,739,240,833,280,834,481,878,617,650,198,541,340,628,352,743,624,787,826,714,1037,630,611,668,800,628,1037,881,112,-1,837,133,-1,
912,150,753,250,839,296,829,493,870,636,673,206,555,340,-1,731,638,773,845,705,1046,629,614,668,812,622,1044,902,131,-1,856,150,-1,
923,168,767,265,841,317,817,513,856,654,694,214,615,308,-1,724,649,766,862,704,1064,628,626,670,829,618,1047,913,154,-1,867,176,-1,
931,195,769,291,840,345,801,535,840,680,702,234,594,351,-1,714,657,774,866,701,1054,619,629,673,835,615,1049,923,178,-1,877,203,796,164,
951,216,781,306,834,359,770,574,834,714,732,247,630,361,-1,710,663,793,864,701,1059,617,636,685,837,614,1056,939,197,-1,890,222,-1,
956,233,785,320,824,371,749,585,822,715,748,265,-1,-1,702,663,807,866,702,1062,627,639,697,840,618,1051,946,214,-1,902,236,-1,
970,249,793,328,818,378,720,595,795,721,776,272,-1,-1,689,653,815,866,708,1057,635,633,717,831,620,1044,959,232,-1,905,256,-1,
976,254,798,341,812,406,709,594,778,726,792,276,837,446,926,480,699,654,822,864,714,1053,655,624,737,831,630,1029,964,242,-1,908,263,-1,
980,257,801,342,802,417,688,595,765,730,799,279,831,424,902,462,701,652,826,865,715,1049,673,629,758,828,642,991,967,242,-1,906,268,-1,
981,257,811,334,797,408,681,590,769,739,810,276,838,404,903,447,706,653,829,862,720,1044,714,628,780,827,668,946,968,241,-1,907,263,-1,
981,255,813,340,787,395,672,581,745,705,822,282,869,404,923,449,717,646,827,871,718,1050,779,610,879,724,830,789,966,240,-1,904,260,-1,
981,250,815,331,788,378,668,572,752,706,820,274,909,460,981,471,728,635,828,877,716,1059,806,605,923,684,834,778,967,232,-1,903,254,-1,
975,247,813,326,783,370,665,568,782,715,819,269,858,450,960,453,731,612,825,870,721,1056,806,577,959,654,847,749,962,230,-1,900,244,-1,
-1,809,317,774,363,663,562,751,699,-1,-1,-1,748,601,817,866,722,1047,838,563,987,618,863,713,-1,-1,898,232,-1,
974,240,808,318,-1,-1,-1,818,257,878,373,952,381,-1,-1,-1,-1,-1,-1,960,221,-1,898,232,-1,
977,229,808,305,772,347,663,555,765,683,822,252,881,372,936,364,735,579,810,830,730,1045,840,534,1014,573,870,696,964,209,-1,900,223,-1,
978,220,806,299,769,337,661,552,782,683,833,255,894,379,931,376,739,581,796,823,736,1043,834,518,1039,522,874,682,966,202,-1,902,211,-1,
976,213,798,292,762,335,667,536,779,671,819,232,-1,-1,735,591,782,807,745,1045,818,541,1048,483,889,653,964,196,-1,903,203,-1,
979,204,795,280,755,332,669,529,788,664,815,211,-1,-1,732,576,772,785,749,1033,823,508,1095,448,-1,967,182,-1,901,195,-1,
971,202,796,267,754,322,670,523,-1,810,200,869,328,927,326,750,550,765,778,750,1023,835,478,1063,425,962,677,961,183,-1,899,184,-1,
970,197,793,264,747,320,670,522,771,658,829,221,914,346,1140,442,747,544,767,778,752,1022,842,467,-1,-1,957,175,-1,894,180,-1,
962,197,789,267,743,315,669,526,654,600,828,239,951,368,-1,759,543,771,794,751,1021,847,469,1055,395,1197,404,951,175,-1,884,178,-1,
956,197,784,275,740,327,669,548,781,686,826,236,898,356,-1,752,553,785,774,754,1022,832,474,1053,416,1013,679,945,175,-1,875,181,-1,
944,202,778,287,733,333,676,558,749,670,818,256,894,360,922,329,752,566,791,779,754,1024,814,493,1070,466,1008,686,931,182,-1,863,188,-1,
932,207,768,304,728,349,690,503,-1,804,261,899,375,924,351,761,578,800,775,755,1029,821,511,1053,391,1222,402,919,189,-1,851,199,-1,
922,218,768,301,732,338,691,503,760,696,800,272,891,378,943,366,766,577,807,776,755,1030,831,509,1069,389,1201,430,907,196,-1,839,207,-1,
914,218,760,318,714,357,671,593,772,724,806,288,887,386,950,367,756,583,811,788,756,1032,837,504,1069,468,1009,687,896,198,919,187,829,214,-1,
904,218,759,312,716,345,670,596,767,725,803,287,-1,-1,768,578,811,795,760,1028,852,496,1065,397,1132,528,885,199,-1,822,216,-1,
895,216,767,294,701,351,664,590,757,711,815,285,883,362,944,331,759,582,809,798,762,1029,851,506,-1,-1,878,191,-1,813,211,-1,
891,216,756,309,697,341,654,577,761,736,811,282,889,339,947,334,773,580,808,799,764,1027,870,504,1082,441,1006,684,876,194,-1,804,209,-1,
888,207,756,309,689,342,646,574,758,737,816,277,900,309,942,325,774,590,806,802,764,1025,874,515,1077,471,975,690,871,185,-1,797,203,-1,
881,197,752,305,691,333,640,569,751,732,809,281,844,349,-1,773,594,804,804,762,1029,866,520,1068,516,933,704,864,177,-1,791,195,-1,
878,181,755,301,688,326,638,562,748,723,818,276,871,390,893,345,766,595,801,792,760,1029,871,532,1050,571,877,721,858,159,-1,788,181,-1,
873,171,757,286,696,304,636,563,746,716,816,267,877,400,894,338,758,589,795,782,758,1032,865,537,1021,621,844,749,850,148,869,148,784,171,-1,
872,165,762,284,693,303,639,522,739,690,826,263,884,398,897,343,750,585,792,793,755,1031,850,544,991,666,835,760,851,141,871,144,781,157,-1,
878,144,761,272,703,289,652,475,642,586,817,251,885,398,896,338,737,572,785,816,756,1032,829,545,940,702,800,780,856,123,877,122,788,146,-1,
885,132,761,262,708,286,647,486,723,647,814,237,836,332,905,357,722,564,783,823,758,1034,821,534,890,724,703,842,864,111,-1,797,133,-1,
888,124,767,252,719,271,652,478,736,652,817,231,862,366,909,372,720,584,777,838,758,1035,795,559,835,748,-1,863,101,-1,801,125,-1,
896,121,771,249,725,268,652,478,727,625,818,229,833,367,894,361,732,625,771,839,750,1030,802,616,752,804,650,919,872,91,-1,810,117,-1,
906,119,770,243,733,263,664,464,746,621,810,226,825,353,887,383,703,590,769,829,748,1032,762,583,724,795,642,953,887,96,-1,819,114,-1,
910,120,768,244,747,263,675,456,741,603,789,229,-1,-1,708,592,765,837,740,1035,736,577,691,804,632,970,890,95,-1,826,120,-1,
912,125,763,242,756,261,676,463,761,603,757,214,-1,-1,695,604,766,842,737,1038,682,586,679,804,631,969,895,103,-1,833,122,-1,
914,131,755,240,763,266,684,463,759,593,737,204,732,441,837,444,690,607,766,843,730,1042,653,584,664,795,625,978,898,110,-1,835,130,-1,
909,144,748,246,766,277,689,470,775,614,728,207,-1,-1,683,604,765,845,725,1046,633,582,652,781,626,976,893,119,-1,835,137,-1,
906,151,744,242,771,276,700,473,782,617,715,205,729,448,839,483,683,608,760,848,712,1048,623,586,647,780,629,973,893,128,-1,833,142,-1,
899,152,740,238,772,271,712,471,786,616,707,204,-1,-1,683,607,752,844,699,1046,614,588,645,773,628,984,887,131,-1,828,142,-1,
893,154,731,239,771,270,720,471,795,610,692,205,-1,-1,680,605,740,848,682,1048,604,588,641,774,623,990,880,131,-1,823,138,-1,
881,151,723,232,772,262,731,464,800,604,673,202,-1,-1,679,591,725,851,663,1046,595,577,635,776,618,994,871,128,-1,818,132,-1,
876,141,715,223,769,251,743,451,786,597,660,193,592,352,-1,679,583,712,842,641,1049,592,566,631,751,619,987,866,119,-1,810,125,-1,
862,141,705,217,772,245,770,434,796,603,640,187,566,342,-1,683,579,695,839,613,1079,588,554,619,754,617,960,855,118,-1,803,118,-1,
856,127,703,214,776,241,778,430,815,585,632,184,543,329,609,390,685,573,682,815,605,1045,589,545,611,745,614,946,848,107,-1,794,111,-1,
846,124,699,216,778,244,787,435,829,584,623,186,515,333,592,404,686,578,674,781,-1,586,544,610,742,617,913,836,104,-1,787,112,-1,
836,124,695,222,779,249,794,445,837,583,612,193,501,340,586,413,683,582,666,766,572,1064,582,552,608,743,621,892,825,107,-1,776,116,-1,
823,133,690,231,781,258,801,452,847,581,599,202,488,351,574,423,677,595,646,803,-1,574,568,608,753,632,985,814,114,-1,767,121,-1,
811,126,679,236,775,262,803,454,852,575,585,210,479,369,567,430,677,602,643,810,573,1059,573,579,626,776,629,1006,800,109,-1,757,127,-1,
802,133,672,235,770,259,803,452,855,571,573,210,473,380,563,436,686,596,649,824,-1,581,576,628,769,637,1015,790,115,-1,746,126,-1,
788,133,660,236,761,259,799,446,859,566,558,213,467,384,552,433,691,595,662,871,566,1079,583,583,630,776,649,1013,777,114,-1,734,122,-1,
777,140,646,233,745,251,791,440,859,560,545,214,460,391,553,434,697,591,720,808,585,1050,586,584,634,786,641,1024,767,115,-1,718,120,-1,
756,135,634,234,735,248,781,437,859,553,530,220,453,395,549,431,697,592,767,785,630,998,582,591,637,769,620,979,744,113,-1,697,119,-1,
-1,623,237,724,245,774,433,857,548,519,225,444,405,544,427,-1,-1,-1,-1,-1,-1,-1,-1,681,118,-1,
741,120,624,236,-1,-1,-1,-1,-1,-1,705,586,800,767,656,970,587,594,642,772,627,967,726,103,-1,681,118,-1,
730,128,612,239,715,244,769,431,857,547,506,233,436,413,534,421,716,579,844,721,692,927,597,591,639,766,627,973,715,109,-1,664,119,-1,
707,126,597,239,702,239,761,420,854,543,492,237,429,416,529,413,725,577,874,683,740,884,607,594,634,764,636,971,692,107,-1,645,116,-1,
696,124,586,234,690,232,751,406,849,535,480,234,421,411,519,399,732,561,898,633,789,856,610,586,633,776,633,974,683,105,-1,632,112,-1,
685,113,575,226,681,220,746,395,844,518,466,230,417,411,512,386,737,550,917,577,850,819,614,582,635,773,633,974,672,96,-1,619,106,-1,
673,106,566,219,672,210,741,380,824,494,456,226,415,408,505,377,749,535,867,558,850,717,625,581,-1,-1,659,87,-1,605,101,-1,
667,100,557,211,665,200,736,367,832,496,449,220,417,403,503,363,751,518,868,542,863,707,628,570,643,754,640,970,652,83,-1,599,92,-1,
661,101,554,207,662,196,731,354,826,488,443,215,419,403,496,360,757,517,951,438,1046,663,630,569,644,754,641,977,647,80,-1,594,87,-1,
662,100,550,203,658,192,730,345,819,471,438,214,423,403,495,364,758,506,792,587,-1,634,564,644,758,644,974,645,78,-1,590,85,-1,
652,102,545,204,652,191,728,343,834,485,432,215,427,409,494,369,755,507,783,545,828,706,631,565,644,761,643,977,640,82,-1,586,86,-1,
647,102,540,208,647,194,721,340,830,477,427,221,429,416,491,374,754,510,781,561,823,714,632,572,644,759,640,983,632,82,-1,582,90,-1,
643,110,536,213,643,198,719,347,844,500,425,229,429,426,493,387,756,517,778,571,817,728,636,580,644,760,638,983,631,91,-1,577,94,-1,
638,105,532,218,638,201,717,352,839,501,422,236,429,430,496,395,756,515,783,561,820,707,637,577,646,752,641,974,622,86,-1,572,100,-1,
634,115,529,223,634,205,715,356,832,500,420,243,429,436,499,407,748,518,782,566,816,706,637,579,648,753,641,977,620,96,-1,569,105,-1,
628,128,527,227,631,208,713,362,818,498,418,248,430,444,504,415,739,517,946,386,1191,430,633,575,646,752,639,974,620,108,-1,567,108,-1,
623,125,524,230,629,208,712,366,809,495,415,254,431,448,505,426,733,516,946,379,1169,471,630,573,642,750,638,972,614,104,-1,562,109,-1,
624,127,523,231,629,209,710,368,809,507,415,256,430,449,505,426,726,515,936,377,1123,503,626,570,641,748,639,969,615,107,-1,559,112,-1,
622,124,524,230,630,209,711,371,801,505,415,255,431,446,502,424,729,516,934,382,-1,626,573,640,748,636,971,609,104,-1,558,110,-1,
625,120,525,229,631,209,712,375,788,489,416,251,429,441,499,416,726,516,930,391,1039,611,621,573,640,747,635,968,612,99,-1,560,108,-1,
632,107,530,227,636,211,711,375,827,534,419,246,429,436,496,411,727,521,937,410,974,678,618,577,637,744,634,968,618,89,-1,565,104,-1,
636,106,532,224,638,209,715,380,825,537,421,240,427,427,499,407,724,521,936,444,920,702,613,577,634,753,633,966,621,87,-1,570,101,-1,
647,95,537,218,644,205,718,381,824,533,428,230,424,418,502,393,726,528,937,485,868,724,609,576,631,750,629,967,627,78,-1,576,97,-1,
652,89,545,213,651,202,721,383,823,532,436,223,422,409,496,384,724,530,928,525,821,769,601,571,629,745,630,958,634,71,-1,585,88,-1,
665,85,555,207,663,201,725,384,816,524,446,212,422,397,504,381,718,533,918,565,779,797,594,568,624,743,628,954,651,68,-1,598,81,-1,
678,69,567,202,674,202,726,388,811,515,458,202,422,385,505,366,705,536,902,605,732,834,584,564,616,734,621,958,664,54,-1,615,75,-1,
689,64,577,196,683,201,728,389,817,539,472,192,424,370,509,361,692,539,881,646,704,869,572,555,605,741,617,951,676,52,-1,630,73,-1,
