835,266,702,365,714,398,653,584,793,614,680,333,-1,-1,688,704,672,924,-1,743,694,792,834,795,1003,816,247,-1,760,270,-1,
830,272,694,366,702,400,641,585,785,617,675,331,-1,-1,681,708,678,906,606,1079,736,695,789,830,793,999,811,250,-1,752,272,-1,
823,269,690,369,690,398,621,587,766,620,677,330,-1,-1,674,707,672,922,606,1079,732,693,782,832,789,1000,804,248,-1,744,274,-1,
817,272,682,368,678,396,600,583,747,624,672,328,-1,-1,666,702,667,926,600,1079,725,688,776,828,788,1000,800,252,-1,737,276,-1,
812,272,683,370,664,392,579,579,728,624,703,355,703,506,760,509,661,703,665,931,597,1079,723,690,771,827,786,999,792,252,-1,731,275,-1,
805,269,677,371,656,391,561,575,710,626,699,359,712,494,784,512,654,699,663,923,598,1079,719,684,769,829,785,999,786,248,-1,724,274,-1,
799,270,673,369,650,388,551,571,700,626,695,358,711,492,801,514,648,692,660,925,594,1079,717,681,768,821,784,998,780,250,-1,720,272,-1,
797,269,670,371,642,389,542,568,691,628,698,358,709,481,791,509,645,689,658,933,-1,716,681,769,818,782,995,777,248,-1,716,271,-1,
792,268,667,373,637,389,531,568,680,626,698,361,711,478,800,510,644,691,658,937,589,1079,717,679,772,812,779,992,773,246,-1,712,272,-1,
789,264,671,373,633,389,527,561,671,625,711,360,729,482,814,511,643,687,658,934,586,1079,719,676,775,817,777,993,769,244,-1,707,270,-1,
787,263,669,375,628,395,518,558,671,625,712,359,726,475,807,501,644,694,656,939,-1,723,682,778,816,772,993,768,243,-1,707,270,-1,
787,265,668,375,628,397,517,557,666,622,711,356,720,464,817,507,645,689,657,928,-1,722,678,779,811,770,995,768,244,-1,706,269,-1,
787,263,669,369,631,393,521,555,669,619,709,349,721,462,813,504,648,686,657,938,-1,725,675,783,810,770,993,768,244,-1,708,266,-1,
789,260,670,369,635,392,524,555,673,613,708,350,714,471,806,490,650,696,667,901,-1,730,681,789,809,769,992,770,240,-1,710,262,-1,
792,256,675,368,647,391,540,556,692,607,706,350,715,469,817,488,653,687,663,919,-1,729,674,789,810,768,989,774,236,-1,716,259,-1,
795,252,679,359,662,380,558,555,715,596,701,346,713,476,795,474,661,682,661,924,574,1079,733,671,788,809,767,988,778,232,-1,721,253,-1,
799,244,677,349,672,372,586,557,742,575,671,318,704,476,770,450,665,686,661,917,573,1079,736,678,785,810,764,987,783,225,-1,728,246,-1,
803,240,679,345,686,368,633,550,771,544,658,314,698,488,776,464,671,676,654,917,571,1079,732,671,780,806,763,985,787,219,-1,733,242,-1,
806,231,680,338,708,362,694,551,823,531,648,314,705,411,-1,679,680,653,910,568,1079,703,668,775,802,762,982,790,213,-1,737,237,-1,
807,226,681,337,721,358,761,521,888,490,639,314,-1,-1,681,672,647,913,564,1079,707,667,772,799,760,982,791,207,-1,739,231,-1,
808,223,687,337,741,358,795,473,-1,632,314,589,405,-1,681,674,644,914,562,1079,708,666,768,796,759,981,792,205,-1,744,229,-1,
808,224,691,336,757,354,900,487,987,409,626,315,552,445,640,502,685,665,645,905,560,1079,651,634,764,800,758,981,793,208,-1,746,229,-1,
808,223,696,336,770,354,946,444,1026,381,621,316,539,447,624,529,685,659,649,904,560,1079,646,632,763,798,757,980,793,205,-1,748,228,-1,
808,225,698,334,776,350,959,406,1059,366,620,316,532,447,622,466,685,670,663,886,559,1079,643,637,766,798,757,981,794,209,-1,752,229,-1,
808,223,702,333,782,346,962,376,1076,354,619,316,528,447,622,464,688,670,663,896,562,1079,646,639,768,790,757,976,794,207,-1,755,232,-1,
811,223,705,332,791,344,962,364,1081,342,615,319,524,449,622,474,697,656,668,889,561,1079,641,630,768,784,758,974,796,208,-1,758,234,-1,
810,224,701,332,786,343,964,359,1081,334,611,319,521,449,622,468,698,656,666,893,560,1079,640,630,769,783,758,973,798,210,-1,758,234,-1,
805,217,693,326,777,337,958,351,1073,325,604,316,514,447,616,466,700,641,671,853,551,1079,638,624,765,784,751,970,790,203,-1,751,230,-1,
798,217,686,323,770,335,949,345,1072,316,596,313,506,441,610,463,690,640,668,834,-1,636,622,761,779,745,967,784,202,-1,743,225,-1,
791,213,680,318,764,330,945,343,1063,309,591,307,502,439,602,458,677,641,652,871,-1,631,616,756,777,738,965,780,198,-1,738,221,-1,
793,213,679,319,759,332,945,350,1060,312,594,308,506,438,610,463,677,652,652,879,542,1079,635,624,762,775,743,959,780,198,-1,740,222,-1,
788,212,675,316,755,328,942,360,1044,314,592,302,507,437,612,490,668,650,647,877,537,1079,630,621,756,778,739,957,775,195,-1,734,219,-1,
781,203,672,310,750,323,936,377,1027,320,589,295,510,427,604,506,662,638,648,847,532,1079,630,606,754,771,737,952,767,187,-1,725,210,-1,
780,198,667,302,745,317,920,402,1003,337,586,286,519,406,606,500,663,627,635,871,528,1079,631,599,752,765,735,948,765,180,-1,718,201,-1,
778,186,664,295,738,310,886,432,975,354,588,277,531,405,-1,661,615,647,820,527,1079,636,589,754,761,735,942,762,170,-1,715,193,-1,
777,176,661,282,728,296,825,437,930,386,592,264,537,397,-1,669,591,641,818,528,1058,633,574,753,745,735,931,763,158,-1,715,176,-1,
776,169,662,270,726,289,759,468,870,419,595,250,548,380,-1,669,573,644,798,530,1052,625,550,749,734,737,915,763,149,-1,713,164,-1,
783,153,663,265,712,289,672,481,811,462,607,240,564,360,-1,662,596,640,811,528,1052,688,590,753,730,741,908,767,132,-1,716,161,-1,
790,151,666,267,696,297,610,460,755,485,625,234,566,375,-1,663,602,641,819,535,1045,710,597,758,733,746,906,773,132,-1,723,162,-1,
800,155,671,268,671,290,564,432,721,492,648,231,-1,-1,660,585,643,825,538,1046,718,581,763,723,749,902,783,136,-1,732,164,-1,
806,162,669,264,671,289,535,419,676,492,651,226,-1,-1,662,561,652,821,541,1043,714,557,768,718,751,899,788,143,-1,736,166,-1,
807,172,669,265,666,292,526,419,681,481,657,225,-1,-1,654,563,652,831,545,1041,715,560,770,719,755,897,792,152,-1,735,173,-1,
809,171,672,264,667,289,529,424,675,486,664,223,-1,-1,654,569,653,833,550,1034,718,565,772,716,758,897,793,151,-1,734,172,-1,
811,167,675,264,668,289,541,436,684,492,669,224,-1,-1,655,581,657,817,552,1033,721,576,773,718,760,896,794,147,-1,734,169,-1,
811,165,676,262,668,289,549,439,696,490,669,221,-1,-1,657,582,655,826,556,1031,722,575,775,718,763,895,794,145,-1,733,166,-1,
812,160,679,265,669,290,553,440,706,487,683,233,-1,-1,657,580,660,812,559,1025,725,573,776,714,765,893,793,140,-1,733,164,-1,
812,158,679,261,671,287,554,438,717,484,673,219,-1,-1,663,574,663,809,562,1025,726,567,778,710,766,891,792,138,-1,734,163,-1,
816,153,683,260,674,284,554,436,711,484,677,220,-1,-1,668,568,671,794,565,1019,730,563,783,705,769,889,796,134,-1,735,161,-1,
818,155,685,259,674,285,554,432,700,484,680,218,-1,-1,671,562,669,813,566,1019,731,558,787,706,770,889,799,135,-1,738,160,-1,
820,155,688,259,676,286,554,431,695,483,703,234,-1,-1,674,560,671,822,569,1018,734,556,791,705,773,884,802,134,-1,740,160,-1,
823,156,689,258,680,284,553,429,699,483,681,217,-1,-1,677,560,673,816,570,1015,737,554,794,700,774,883,806,137,-1,745,160,-1,
823,155,692,255,683,278,557,428,704,482,688,218,-1,-1,677,560,677,810,569,1014,739,555,799,698,774,883,806,134,-1,746,160,-1,
826,156,693,256,686,281,569,428,713,481,688,220,-1,-1,678,559,681,813,570,1012,740,553,804,694,775,879,810,135,-1,750,159,-1,
830,153,696,260,689,286,583,432,738,479,688,218,-1,-1,682,564,691,795,571,1007,746,562,808,695,775,878,814,134,-1,756,158,-1,
832,155,700,256,701,283,601,436,742,479,685,217,-1,-1,685,564,700,777,572,1079,745,562,811,697,776,878,816,135,-1,760,158,-1,
833,157,703,259,708,289,623,446,756,477,685,219,-1,-1,693,570,700,794,575,1004,747,566,810,694,778,875,819,138,-1,765,161,-1,
837,153,705,257,726,286,665,456,802,469,674,224,603,358,-1,700,562,698,800,576,1003,734,554,807,690,778,876,822,136,-1,770,158,-1,
839,150,704,255,737,284,698,470,829,454,665,225,593,359,-1,709,573,706,767,572,1079,717,559,804,695,778,878,826,132,-1,775,155,-1,
838,146,708,251,754,281,759,465,865,436,659,222,583,357,-1,713,559,704,752,-1,667,529,798,691,778,878,826,129,-1,777,150,-1,
836,144,715,247,777,272,815,434,931,392,651,220,570,357,644,446,719,553,682,795,574,1011,656,530,789,691,776,878,824,126,-1,778,145,-1,
835,138,720,243,790,264,862,394,992,345,649,217,556,352,646,435,721,536,695,737,-1,655,516,782,693,773,879,823,121,-1,778,141,-1,
833,139,724,242,802,263,956,371,1038,312,646,216,549,348,645,431,714,557,684,763,568,1011,654,531,775,699,769,883,822,123,-1,781,138,-1,
833,139,725,240,801,260,972,323,1080,291,646,214,536,343,642,378,710,559,680,770,566,1012,656,533,773,700,767,886,823,122,-1,783,138,-1,
836,133,724,239,805,259,976,292,1105,280,638,216,528,344,639,431,706,562,681,770,565,1013,660,537,773,703,768,884,824,117,-1,784,139,-1,
836,137,729,244,814,261,980,291,1110,270,638,223,527,348,644,418,711,558,679,786,567,1013,661,536,772,705,767,886,825,123,-1,787,143,-1,
837,142,729,248,817,267,984,292,1108,270,638,228,526,352,639,386,714,559,681,799,566,1013,664,541,774,704,768,884,825,127,-1,789,150,-1,
837,148,732,254,819,270,984,292,1119,271,639,234,525,354,640,395,729,553,705,738,-1,667,543,774,696,768,886,827,134,-1,790,156,-1,
837,158,728,259,811,274,986,298,1113,274,638,241,527,358,640,398,725,562,705,758,-1,665,548,777,700,769,887,827,143,-1,789,160,-1,
838,160,730,263,815,279,984,303,1115,276,639,245,527,363,636,406,724,571,716,740,-1,663,552,779,702,769,889,828,146,-1,789,164,-1,
837,169,730,268,814,285,981,309,1110,284,640,249,528,367,632,405,725,576,707,785,-1,660,559,783,705,768,891,828,154,-1,790,171,-1,
839,171,730,272,813,292,987,318,1110,288,640,252,533,371,638,411,718,583,695,829,569,1019,658,563,788,700,769,893,829,156,-1,792,175,-1,
841,175,729,275,812,296,987,332,1099,298,641,254,537,374,643,410,717,591,698,831,567,1026,656,567,792,701,770,893,830,160,-1,790,177,-1,
841,178,728,276,812,296,981,355,1087,312,641,255,541,377,643,409,719,589,698,834,567,1024,653,566,792,701,769,895,830,162,-1,790,179,-1,
839,179,725,275,805,296,962,389,1057,335,641,253,544,376,643,402,720,585,696,837,564,1027,652,565,792,702,767,896,830,162,-1,788,178,-1,
838,173,724,271,803,290,875,386,-1,641,250,546,374,647,445,729,572,689,838,562,1028,653,561,789,712,766,897,827,156,-1,785,176,-1,
836,177,717,268,789,290,849,407,896,400,643,245,546,371,646,436,722,568,686,828,558,1033,654,554,787,706,764,898,828,159,-1,784,172,-1,
840,168,715,268,778,296,744,479,870,456,648,242,551,365,649,422,719,583,702,778,558,1035,656,560,785,710,764,898,829,151,-1,785,172,-1,
847,166,712,268,763,298,750,449,-1,655,239,554,365,-1,706,582,700,778,556,1038,704,574,787,705,765,897,833,151,-1,790,172,-1,
855,177,712,269,746,299,622,429,753,495,667,238,563,362,-1,702,578,695,790,558,1036,725,573,788,704,765,897,841,159,-1,795,178,-1,
857,194,711,270,738,297,605,424,733,494,676,242,570,375,-1,686,603,685,819,553,1041,740,598,791,716,767,896,846,175,-1,794,186,-1,
854,198,707,273,728,302,596,428,732,495,676,243,573,386,-1,674,604,688,788,-1,738,598,786,720,764,900,841,179,-1,790,192,-1,
854,202,707,278,721,308,598,444,732,498,683,243,585,375,-1,668,600,672,847,549,1048,729,591,786,719,763,899,841,182,-1,788,194,-1,
850,198,703,280,712,312,604,456,732,504,685,240,-1,-1,661,595,668,852,548,1044,715,591,782,721,762,900,837,178,-1,781,194,-1,
846,198,699,280,709,313,607,465,739,509,681,240,-1,-1,657,600,670,828,-1,708,594,776,719,760,901,834,178,-1,777,192,-1,
841,196,696,279,707,312,611,467,737,515,677,239,590,367,-1,656,591,657,851,544,1047,699,586,768,719,759,901,828,175,-1,772,190,-1,
837,192,693,277,706,312,616,470,741,512,671,237,-1,-1,652,590,660,836,544,1046,697,586,765,718,758,902,823,172,-1,767,187,-1,
835,186,689,279,704,315,616,475,737,514,665,236,-1,-1,650,586,653,851,543,1046,691,580,761,716,756,901,821,168,-1,765,187,-1,
833,189,685,281,707,319,624,479,751,513,654,238,-1,-1,652,593,655,848,540,1046,688,585,762,714,754,900,818,170,-1,763,190,-1,
830,192,683,283,710,321,635,486,761,516,650,240,558,366,-1,657,592,654,862,538,1048,672,580,763,710,754,897,816,173,-1,763,192,-1,
831,193,684,286,718,326,633,491,758,521,645,243,552,366,-1,663,604,661,852,540,1045,675,590,766,710,753,900,817,175,-1,764,195,-1,
831,195,683,288,720,328,638,498,773,524,641,245,544,367,-1,662,611,673,834,540,1045,678,598,771,713,751,902,815,177,-1,765,199,-1,
831,201,683,293,723,334,641,505,765,531,638,250,541,374,-1,669,615,669,853,536,1050,678,601,776,711,751,902,816,183,-1,766,206,-1,
832,206,683,297,722,339,643,507,761,536,639,251,548,383,-1,667,611,671,854,539,1047,663,594,-1,-1,818,189,-1,767,210,-1,
833,207,686,299,722,343,640,512,758,539,644,250,555,381,-1,667,614,674,845,538,1047,683,599,784,705,751,901,820,191,-1,768,212,-1,
834,206,689,299,720,342,633,511,757,538,652,249,-1,-1,666,612,678,835,537,1047,694,598,786,708,750,902,821,189,-1,769,211,-1,
836,200,692,295,717,335,630,506,754,535,665,246,-1,-1,665,604,672,845,537,1047,696,591,786,713,749,903,821,183,-1,771,209,-1,
838,194,696,287,712,330,617,495,742,533,680,232,-1,-1,662,603,673,814,536,1048,709,594,784,716,747,905,824,177,-1,772,203,-1,
841,190,698,282,705,320,613,485,733,530,690,226,-1,-1,659,597,666,807,533,1050,711,591,780,721,747,904,827,173,-1,774,197,-1,
844,184,703,274,702,314,606,477,731,525,698,221,-1,-1,654,590,655,807,-1,711,586,775,718,747,903,828,167,-1,775,193,-1,
845,183,704,274,699,305,601,467,730,523,700,226,-1,-1,651,594,644,813,534,1047,714,591,771,718,748,901,830,167,-1,776,191,-1,
847,181,712,277,696,318,590,462,724,521,711,225,889,257,1013,269,649,589,639,821,536,1045,716,588,770,719,748,901,831,167,-1,775,191,-1,
850,178,718,275,692,319,585,459,718,521,734,231,882,246,1021,261,648,583,640,817,536,1046,716,583,773,715,748,901,833,165,-1,776,192,-1,
851,182,720,275,692,316,578,455,712,522,742,233,889,245,1025,259,648,582,638,827,536,1045,718,581,776,716,748,903,835,168,-1,776,193,-1,
851,188,720,273,694,315,577,456,709,524,745,231,890,245,1025,258,648,589,640,825,536,1046,719,584,780,715,749,902,835,171,-1,776,193,-1,
849,191,719,277,692,317,576,459,705,525,744,235,883,246,1023,258,648,588,644,826,535,1046,719,584,782,719,747,903,834,175,-1,775,195,-1,
848,191,720,278,690,319,577,464,713,527,751,237,886,248,1022,259,647,591,646,832,534,1048,718,586,782,717,746,904,833,176,-1,774,196,-1,
846,193,719,280,690,319,577,470,712,529,747,242,887,251,1023,260,647,592,651,832,535,1045,718,586,783,717,745,905,832,178,-1,773,198,-1,
845,193,717,282,690,324,581,474,717,531,741,241,884,254,1020,260,648,594,651,832,533,1048,719,588,782,720,746,905,830,178,-1,772,199,-1,
844,194,712,281,693,322,589,476,723,531,722,235,875,258,1015,261,648,594,650,834,534,1047,716,588,780,721,746,905,829,179,-1,769,198,-1,
843,194,702,280,693,317,593,478,727,529,699,231,-1,-1,648,597,648,824,534,1045,716,592,778,721,746,903,829,176,-1,772,192,-1,
843,190,702,274,698,313,601,477,725,525,696,223,-1,-1,649,595,645,820,533,1048,715,590,774,724,745,906,829,170,-1,772,186,-1,
842,182,702,270,702,308,605,476,726,521,695,220,809,297,893,297,651,592,642,820,534,1048,713,588,770,727,744,904,828,163,-1,772,180,-1,
844,177,700,265,707,306,607,474,734,517,691,214,-1,-1,654,592,641,818,533,1048,712,587,768,729,743,905,828,160,-1,771,178,-1,
843,176,701,265,712,307,609,473,750,515,683,218,-1,-1,655,591,644,817,534,1046,710,584,766,730,745,904,827,157,-1,773,178,-1,
846,177,700,271,717,308,613,470,750,517,674,227,-1,-1,656,590,643,835,531,1049,706,581,766,726,745,903,830,160,-1,775,181,-1,
843,178,696,276,721,312,618,470,754,518,665,237,-1,-1,657,593,658,810,531,1049,698,584,765,721,744,904,828,161,-1,775,185,-1,
842,180,691,278,723,314,624,471,756,519,651,238,539,359,-1,660,598,651,842,530,1050,688,587,765,722,745,901,827,163,-1,773,190,-1,
838,184,686,276,725,311,630,473,760,519,644,237,532,365,-1,660,606,650,847,531,1049,680,592,763,723,745,902,824,166,-1,771,189,-1,
836,186,683,274,724,311,636,474,761,518,637,237,532,369,-1,665,610,646,850,529,1051,677,597,759,727,744,904,822,168,-1,769,187,-1,
833,180,680,273,722,309,639,476,765,518,635,237,535,373,-1,665,608,643,852,529,1052,661,590,757,724,743,905,818,164,-1,767,183,-1,
829,178,680,272,722,309,635,477,764,516,635,235,537,372,-1,667,613,646,836,532,1050,684,602,759,728,744,906,815,160,-1,764,181,-1,
827,175,680,272,720,306,631,475,765,515,636,236,541,373,-1,667,616,642,854,529,1052,695,608,761,730,744,907,812,158,-1,762,179,-1,
824,174,680,274,718,310,625,475,761,514,639,236,543,371,-1,667,612,650,843,531,1050,695,603,762,733,745,905,810,155,-1,760,179,-1,
824,175,679,277,714,312,623,478,761,517,640,239,548,372,-1,667,612,651,850,533,1048,694,602,-1,-1,809,157,-1,758,181,-1,
822,177,680,279,710,315,613,478,750,521,646,238,553,368,-1,662,610,650,859,531,1050,702,599,770,723,747,903,807,159,-1,758,183,-1,
824,178,678,280,704,315,605,476,740,524,647,240,554,371,-1,661,611,655,860,529,1050,702,602,774,719,746,901,808,161,-1,758,184,-1,
824,181,678,283,703,318,601,475,731,529,648,241,557,367,-1,659,610,659,862,529,1049,701,599,776,713,745,902,809,164,-1,757,188,-1,
823,186,679,287,699,321,591,476,731,531,653,244,557,374,-1,658,616,670,854,528,1051,707,605,782,713,745,901,809,168,-1,758,192,-1,
824,193,679,290,698,327,590,478,734,535,654,244,562,375,-1,657,619,677,851,528,1047,707,606,786,712,746,901,811,175,-1,758,195,-1,
823,193,679,293,700,331,594,482,732,537,653,248,559,373,-1,658,622,682,849,530,1044,706,610,789,711,746,900,808,175,-1,757,197,-1,
822,195,681,295,704,332,615,487,740,534,652,251,558,378,-1,664,615,681,853,531,1046,691,602,786,711,747,900,808,179,-1,760,199,-1,
821,190,682,289,716,325,632,495,754,522,645,250,554,380,-1,667,616,677,852,531,1045,685,602,783,707,748,899,807,173,-1,760,196,-1,
822,178,684,284,727,318,674,501,816,496,639,246,546,381,-1,672,615,673,842,530,1045,664,592,-1,-1,807,164,-1,761,188,-1,
822,170,686,278,740,312,729,495,860,468,632,242,538,374,-1,681,602,656,853,529,1049,624,580,770,712,745,902,809,155,-1,763,180,-1,
822,164,694,269,759,301,785,430,900,434,630,235,532,366,625,457,686,588,669,785,-1,622,565,760,714,745,902,810,150,-1,766,172,-1,
822,156,701,263,774,291,841,415,885,401,628,230,524,363,606,452,685,587,646,827,529,1051,618,563,755,711,745,901,811,142,-1,769,164,-1,
825,154,704,261,782,288,932,405,1018,342,627,230,522,359,612,456,677,580,642,831,528,1052,620,561,749,709,745,902,812,138,-1,770,161,-1,
825,153,708,260,785,287,952,351,1063,318,628,229,516,356,609,384,671,574,645,826,528,1052,632,551,750,713,745,902,812,138,-1,772,161,-1,
826,156,707,260,783,284,956,316,1086,300,626,231,512,356,613,389,668,589,654,814,531,1047,631,563,754,716,746,901,813,140,-1,771,162,-1,
828,158,714,262,799,284,961,314,1090,287,623,237,510,361,622,397,675,585,656,829,531,1049,639,564,756,712,746,900,815,143,-1,775,166,-1,
829,159,708,261,789,281,958,310,1084,283,622,238,510,363,613,397,681,584,689,723,533,1047,632,561,758,709,747,896,816,144,-1,775,168,-1,
829,162,709,261,792,281,959,305,1089,282,622,238,511,363,612,404,687,584,690,727,654,853,626,561,761,704,749,896,815,147,-1,774,168,-1,
829,166,705,261,786,280,963,304,1093,281,621,240,511,366,609,403,691,583,656,833,533,1044,630,558,762,710,750,896,817,151,-1,775,167,-1,
828,163,708,259,791,277,964,303,1095,278,620,238,513,367,611,401,695,573,685,741,535,1043,635,552,761,709,750,896,817,148,-1,776,167,-1,
828,160,708,258,790,276,968,303,1095,277,621,237,517,366,615,399,695,569,686,734,-1,635,550,760,707,749,896,816,145,-1,775,165,-1,
830,160,711,258,792,276,971,303,1098,277,623,236,518,365,614,397,695,570,657,830,535,1041,636,552,760,704,749,895,818,143,-1,776,164,-1,
831,162,713,259,795,278,972,308,1097,279,625,236,520,365,619,397,694,573,658,831,538,1036,634,554,762,704,749,894,820,146,-1,780,166,-1,
831,163,715,259,799,280,978,325,1088,286,627,235,522,364,621,397,692,581,658,837,534,1044,634,556,764,702,751,892,821,147,-1,780,166,-1,
833,165,714,257,798,276,969,354,1069,303,628,234,525,363,619,393,696,581,660,838,536,1041,635,558,767,709,752,892,823,149,-1,781,168,-1,
834,165,716,255,800,271,944,392,1040,328,629,234,526,364,622,394,702,582,658,839,536,1041,631,557,769,705,751,895,823,149,-1,780,165,-1,
831,166,713,251,794,264,863,370,-1,629,233,529,362,623,389,714,565,659,830,537,1041,636,549,770,705,752,893,821,148,-1,777,164,-1,
834,163,711,252,789,268,830,451,947,403,631,231,534,362,625,384,714,565,663,815,537,1042,639,543,772,711,753,895,823,145,-1,779,161,-1,
836,160,709,255,780,279,762,465,880,438,637,227,539,364,630,384,707,569,655,829,534,1045,639,546,773,710,752,894,824,142,-1,778,157,-1,
838,160,701,256,758,286,707,463,842,471,643,226,545,365,643,430,695,588,654,830,532,1046,653,563,776,713,751,893,827,144,-1,779,158,-1,
841,163,698,257,746,286,671,452,798,487,648,227,553,366,-1,686,601,656,833,533,1045,708,594,778,715,753,892,828,146,-1,781,163,-1,
842,169,698,256,738,284,645,451,776,493,654,227,562,363,-1,676,606,652,846,533,1044,719,600,780,723,752,892,830,152,-1,780,166,-1,
844,171,697,258,729,288,635,453,764,495,658,226,566,367,-1,673,598,659,828,533,1046,717,593,779,718,752,892,831,153,-1,780,166,-1,
844,170,697,256,727,285,637,452,772,496,662,223,570,365,-1,671,595,657,823,532,1045,713,590,-1,-1,832,152,-1,779,165,-1,
842,168,696,255,726,284,642,454,770,496,661,221,569,360,-1,670,593,650,831,532,1044,706,587,772,713,751,891,829,149,-1,776,161,-1,
843,165,695,254,726,284,644,458,779,499,660,218,568,356,-1,668,589,646,829,533,1046,701,582,767,715,752,893,830,146,-1,775,159,-1,
841,162,694,253,730,287,653,461,785,498,654,217,560,354,762,448,670,587,642,834,533,1045,687,580,763,712,752,892,827,144,-1,773,160,-1,
843,160,694,255,734,290,662,465,790,498,652,216,557,352,773,444,673,587,643,829,534,1045,681,580,762,712,751,893,828,143,-1,773,161,-1,
841,162,695,257,738,294,668,468,789,501,649,218,555,352,769,452,670,588,658,795,535,1044,655,570,762,716,750,893,826,144,-1,775,162,-1,
841,164,694,259,741,295,673,474,797,502,646,219,552,355,-1,671,588,654,818,534,1044,640,567,765,714,752,892,827,147,-1,775,164,-1,
842,168,696,260,744,295,677,477,796,504,646,221,551,357,-1,681,581,652,828,536,1046,637,558,764,713,754,892,829,150,-1,778,166,-1,
842,168,696,262,747,299,678,478,798,505,643,222,551,359,-1,684,588,653,833,537,1044,638,561,766,719,755,892,830,150,-1,780,167,-1,
843,167,696,262,749,300,683,478,799,503,642,221,549,359,-1,686,585,655,829,538,1040,637,563,767,713,754,892,830,150,-1,780,166,-1,
843,165,696,262,749,300,682,477,802,502,641,221,549,358,-1,687,585,667,807,-1,643,566,769,713,754,892,830,149,-1,780,166,-1,
843,163,696,261,749,298,-1,-1,642,221,550,358,-1,689,581,653,836,540,1034,641,560,772,710,755,890,830,147,-1,779,164,-1,
844,162,697,261,750,299,682,480,804,501,642,221,551,359,-1,690,587,676,778,-1,643,564,772,713,756,888,830,145,-1,779,164,-1,
842,161,696,262,750,299,682,481,805,501,641,222,554,362,-1,689,589,659,826,541,1035,643,563,773,713,756,888,828,144,-1,778,164,-1,
842,163,696,264,749,302,680,482,805,502,641,224,560,365,-1,689,594,661,831,542,1035,650,572,776,708,756,887,829,146,-1,779,166,-1,
844,164,695,266,746,303,678,484,801,505,641,226,570,365,-1,687,595,675,805,-1,656,575,780,703,757,887,830,148,-1,779,168,-1,
843,166,695,268,742,305,674,487,790,510,644,227,602,316,-1,688,597,664,838,540,1037,683,586,783,701,756,885,828,149,-1,778,171,-1,
844,167,698,270,739,308,667,488,791,511,651,226,-1,-1,687,600,683,790,-1,700,590,785,704,756,887,828,151,-1,779,174,-1,
843,169,698,269,731,306,656,487,783,514,660,226,-1,-1,688,604,685,787,541,1040,709,593,788,708,756,887,829,153,-1,777,176,-1,
842,172,699,266,725,300,644,482,775,514,669,219,-1,-1,685,597,685,781,545,1033,715,588,788,707,757,886,828,155,-1,776,172,-1,
843,169,698,266,717,298,632,476,764,511,677,223,-1,-1,681,595,681,784,545,1033,724,586,789,709,758,887,828,152,-1,777,169,-1,
846,161,703,256,710,290,625,460,756,509,693,205,807,282,909,298,681,581,676,791,549,1028,729,575,787,712,760,886,831,144,-1,779,166,-1,
849,157,708,249,707,281,610,447,750,504,701,203,-1,-1,676,569,675,779,552,1027,733,565,787,709,760,886,835,140,-1,782,160,-1,
851,153,715,248,703,277,592,435,742,501,718,204,865,235,987,239,672,574,669,776,553,1017,737,567,785,716,762,881,836,137,-1,783,156,-1,
854,146,725,239,704,270,581,415,719,497,747,208,899,222,1022,220,670,558,666,775,553,1012,737,556,783,706,762,876,838,131,-1,783,152,-1,
855,146,732,244,694,280,562,416,703,496,772,208,904,212,1032,211,668,560,659,799,550,1014,735,559,783,705,761,873,837,129,-1,782,153,-1,
857,149,737,247,697,277,556,411,659,479,779,217,910,215,1041,217,666,553,660,800,549,1015,733,553,785,698,760,873,840,132,-1,783,157,-1,
863,151,734,256,699,276,553,409,658,481,774,241,922,226,1037,227,664,550,668,787,549,1012,736,552,792,692,760,870,845,132,-1,786,160,-1,
865,157,733,256,701,276,555,407,684,495,769,241,-1,-1,665,558,671,797,550,1008,736,558,795,692,760,867,849,137,-1,789,158,-1,
866,156,731,256,704,274,559,407,691,493,764,241,856,275,973,277,668,559,675,795,550,1003,740,559,798,683,759,864,850,137,-1,791,156,-1,
864,154,730,254,711,273,572,409,702,491,757,240,818,300,937,306,671,560,673,804,549,1002,740,559,797,683,758,863,850,134,-1,791,153,-1,
861,153,723,245,718,272,587,418,731,491,718,200,-1,-1,673,557,671,805,548,999,738,556,795,682,756,862,849,135,-1,795,151,-1,
862,143,720,237,724,273,621,425,753,483,709,190,-1,-1,679,549,671,795,546,999,732,544,789,680,754,861,848,124,-1,797,145,-1,
859,133,719,227,738,266,650,437,793,469,695,183,-1,-1,680,558,680,762,539,1079,723,552,-1,-1,848,118,-1,801,135,-1,
860,124,717,221,748,255,694,441,831,451,680,181,620,262,-1,689,562,682,748,540,1079,710,554,779,683,752,861,847,107,-1,802,127,-1,
859,117,723,220,771,256,750,437,875,405,669,179,596,255,-1,697,556,678,753,547,994,660,518,774,686,752,862,848,100,-1,805,116,-1,
855,118,728,215,794,245,817,410,925,382,658,178,518,286,484,295,707,531,677,747,549,993,645,509,767,685,751,861,847,101,-1,806,110,-1,
854,117,732,214,812,242,889,403,979,339,648,181,508,288,-1,721,526,697,694,656,814,640,511,761,687,753,862,846,101,-1,805,109,-1,
853,120,738,217,827,242,945,370,1031,301,646,185,501,294,618,375,730,521,692,721,546,1079,645,511,759,689,754,862,844,104,-1,805,113,-1,
851,122,733,218,821,240,977,324,1079,272,641,192,507,304,613,403,719,532,703,702,-1,642,518,757,684,756,861,842,105,-1,805,116,-1,
849,126,737,223,828,243,984,294,1095,264,640,198,512,319,625,397,713,542,709,702,667,825,640,523,765,687,758,863,840,109,-1,803,123,-1,
845,127,732,229,825,248,985,292,1097,260,632,205,522,342,-1,713,543,711,708,551,1011,648,527,765,688,759,862,836,113,-1,800,129,-1,
839,134,732,235,826,251,987,313,1091,268,629,215,532,364,636,409,730,553,713,717,552,1012,645,532,767,689,760,865,832,119,-1,795,137,-1,
837,141,729,243,824,255,974,346,1068,290,627,224,545,383,641,419,733,565,707,748,-1,646,545,776,702,759,867,827,126,-1,790,144,-1,
834,152,727,248,818,261,950,381,1041,323,628,231,556,394,639,419,734,570,711,749,-1,651,552,788,685,760,867,826,134,-1,789,149,-1,
834,152,724,252,812,265,921,422,1011,360,628,235,568,401,646,434,732,582,682,825,551,1014,649,565,794,676,760,865,826,135,-1,787,150,-1,
834,154,721,254,804,271,870,443,969,404,634,232,581,397,-1,729,583,683,818,549,1014,646,564,802,676,760,865,825,137,-1,783,150,-1,
838,148,715,253,784,277,826,457,925,437,643,224,-1,-1,718,576,683,818,548,1014,649,559,806,678,760,866,827,129,-1,782,148,-1,
841,146,714,247,764,278,752,469,875,474,658,214,-1,-1,710,572,678,822,549,1013,659,551,805,687,760,864,830,129,-1,782,145,-1,
847,138,713,239,744,268,697,456,825,490,674,203,-1,-1,700,574,682,805,550,1012,723,564,803,692,760,864,833,119,-1,782,135,-1,
850,136,713,229,730,258,663,440,771,499,693,192,-1,-1,696,566,684,781,-1,737,562,796,695,760,863,836,117,-1,783,129,-1,
855,129,716,226,714,255,641,421,742,499,711,186,854,249,967,250,686,558,668,798,549,1010,737,552,791,695,760,862,838,110,-1,782,125,-1,
856,131,727,227,713,252,697,424,-1,736,198,888,225,1015,222,680,561,665,800,549,1010,738,560,786,697,761,862,840,110,-1,782,125,-1,
858,132,740,223,698,250,540,361,667,480,783,201,907,209,1042,211,670,546,671,768,549,1007,738,543,782,694,760,862,842,114,-1,783,129,-1,
860,132,742,232,691,258,524,354,647,474,795,209,915,211,1045,211,663,544,663,783,548,1007,736,541,785,688,761,861,844,116,-1,785,132,-1,
864,137,737,240,690,257,521,349,639,471,788,222,926,226,1044,226,657,545,655,795,548,1008,737,543,791,687,763,860,846,117,-1,784,134,-1,
864,146,731,245,683,262,525,353,649,476,780,229,906,243,1024,253,661,548,661,786,548,1006,738,545,797,686,763,859,848,124,-1,785,139,-1,
862,150,729,244,687,258,534,363,660,478,778,232,843,296,996,290,666,546,671,782,549,1005,738,544,801,685,762,859,848,128,-1,786,142,-1,
859,155,725,242,690,257,550,383,690,486,765,228,837,304,961,317,669,552,680,781,550,1003,739,548,801,683,760,859,845,133,-1,785,146,-1,
857,157,719,242,697,259,575,395,711,494,744,226,-1,-1,673,562,679,799,549,1003,741,559,802,679,759,859,844,135,-1,785,148,-1,
854,155,713,243,704,269,587,427,741,495,712,202,-1,-1,679,571,685,799,549,1002,743,564,803,681,759,857,839,134,-1,784,149,-1,
852,155,705,242,708,273,619,450,768,495,695,200,-1,-1,680,574,693,796,550,1000,738,563,805,677,760,855,837,136,-1,784,150,-1,
846,154,704,245,719,280,652,462,794,485,682,201,-1,-1,686,575,693,805,549,1000,728,561,806,671,759,855,834,136,-1,784,149,-1,
843,149,700,244,729,275,687,470,825,470,666,204,-1,-1,694,583,693,807,550,998,711,568,806,672,759,854,831,132,-1,783,145,-1,
839,146,700,243,744,277,728,469,861,443,649,204,595,287,-1,699,578,688,806,551,996,663,549,803,670,759,854,829,128,-1,784,139,-1,
837,140,697,236,754,271,770,459,889,413,640,199,576,277,-1,701,560,682,806,549,999,654,537,799,673,759,856,827,122,-1,781,132,-1,
832,133,700,232,767,262,817,438,924,388,631,198,513,316,624,386,710,549,675,800,549,997,648,529,791,671,759,854,824,117,-1,780,125,-1,
828,129,705,226,780,252,868,423,963,344,626,197,503,313,621,383,715,549,670,794,548,998,642,530,784,674,759,852,820,110,-1,778,120,-1,
827,123,712,223,792,245,903,396,992,307,624,195,496,311,611,367,715,542,673,779,549,996,638,524,778,668,758,851,820,106,-1,779,115,-1,
828,116,716,220,804,244,960,344,1035,261,624,192,498,311,613,362,708,541,671,781,550,994,636,520,775,664,760,849,819,99,-1,779,113,-1,
828,116,719,218,809,241,982,291,1082,227,625,190,502,312,620,358,701,541,669,796,551,994,634,517,777,663,761,846,820,98,-1,782,112,-1,
827,117,721,215,814,234,983,259,1100,218,623,191,503,318,617,358,699,546,670,799,551,992,636,517,777,663,761,848,818,100,-1,780,114,-1,
825,118,718,217,811,235,987,267,1102,222,619,193,502,327,621,362,700,538,701,706,-1,633,516,774,661,760,844,817,102,-1,778,117,-1,
820,125,714,221,810,240,984,296,1086,239,612,198,502,338,624,372,701,545,709,704,551,992,631,523,772,655,761,843,812,108,-1,777,119,-1,
823,117,709,224,805,242,969,339,1056,277,608,203,506,350,618,373,712,547,714,695,-1,625,531,775,651,761,842,811,103,-1,773,123,-1,
819,121,706,227,799,245,894,344,-1,607,206,515,358,610,377,724,537,713,704,-1,632,532,780,657,761,841,808,105,-1,769,127,-1,
816,133,706,234,797,254,898,420,994,373,607,211,523,365,618,403,719,558,710,720,-1,628,545,789,653,762,840,808,116,-1,766,128,-1,
814,139,701,243,788,267,853,440,948,429,608,216,531,371,629,409,715,566,694,796,554,988,629,551,795,654,764,840,806,121,-1,763,134,-1,
815,143,692,244,772,270,803,460,902,465,609,216,540,371,-1,709,577,696,800,554,986,632,557,801,654,764,839,806,123,-1,763,136,-1,
813,148,691,246,757,275,745,471,862,500,622,214,558,359,-1,696,562,702,789,557,986,635,541,805,657,767,837,805,129,-1,763,136,-1,
823,141,696,241,749,275,704,466,814,514,637,205,-1,-1,696,566,703,792,560,985,651,543,810,661,768,839,813,122,-1,768,134,-1,
833,129,697,231,734,262,661,443,767,521,652,195,-1,-1,694,560,712,742,-1,719,544,810,665,772,839,819,110,-1,772,127,-1,
839,122,700,222,722,254,627,417,742,516,670,184,-1,-1,688,548,702,772,566,983,734,539,810,663,775,836,826,104,-1,775,119,-1,
844,116,702,212,715,242,596,391,717,505,683,173,-1,-1,692,547,694,775,569,981,738,543,805,669,776,839,831,97,-1,779,111,-1,
848,111,710,207,710,235,569,365,691,484,705,170,845,218,961,213,689,536,688,767,571,978,738,531,800,667,780,836,833,92,-1,779,105,-1,
851,109,717,213,705,232,558,350,674,470,735,199,-1,-1,688,528,689,751,574,980,738,523,796,668,783,838,836,88,-1,780,100,-1,
854,102,732,201,703,230,549,344,668,462,759,175,904,175,1040,165,683,517,685,751,575,982,740,514,791,668,785,838,839,83,-1,781,98,-1,
855,99,741,199,698,227,541,342,659,456,787,174,911,170,1045,160,677,519,681,752,574,982,742,516,787,668,786,835,838,81,-1,780,96,-1,
857,100,729,211,698,227,540,344,662,457,768,196,925,180,1041,170,675,524,675,775,573,984,741,517,789,671,785,836,838,80,-1,781,98,-1,
858,106,731,211,698,228,-1,-1,769,195,913,197,1030,192,671,524,683,751,575,984,743,519,794,671,787,836,841,84,-1,782,100,-1,
856,111,726,215,696,231,550,359,678,460,762,202,877,248,994,217,670,521,682,769,574,985,739,518,796,672,785,837,839,89,-1,781,103,-1,
854,116,719,217,696,235,547,375,685,463,750,205,851,273,951,263,672,522,682,780,572,987,738,519,798,671,781,840,838,93,-1,780,106,-1,
850,118,716,219,699,234,564,388,715,474,736,207,796,299,896,315,675,532,688,775,570,985,736,527,797,669,779,841,834,100,-1,778,113,-1,
849,118,707,222,699,241,600,405,745,476,704,185,-1,-1,674,538,689,781,568,988,728,530,797,667,777,841,832,100,-1,779,117,-1,
845,124,706,223,711,250,621,420,762,472,691,182,-1,-1,678,543,691,784,566,987,728,534,798,667,775,840,830,105,-1,777,121,-1,
843,123,703,229,722,263,651,437,792,456,676,189,-1,-1,686,563,688,795,564,988,712,549,797,665,773,842,829,104,-1,777,124,-1,
840,114,697,225,737,258,686,448,823,441,653,190,595,271,-1,690,561,706,728,-1,680,544,793,664,771,841,825,99,-1,777,124,-1,
837,113,698,227,753,262,727,452,858,413,640,190,524,302,631,410,699,559,679,794,559,990,646,532,788,663,768,843,823,98,-1,775,121,-1,
835,106,701,220,770,252,787,433,899,383,629,185,498,288,604,397,706,553,674,785,559,990,645,529,782,665,767,844,821,89,-1,775,114,-1,
832,105,713,213,793,240,842,360,936,358,628,180,490,285,605,393,713,534,667,782,560,987,637,515,774,665,766,844,819,89,-1,775,111,-1,
833,97,720,208,808,231,908,390,992,314,626,176,490,281,610,389,717,530,667,774,559,990,637,516,771,667,767,842,821,80,-1,777,106,-1,
834,94,722,205,813,228,964,342,1042,272,626,174,491,283,612,384,708,526,667,772,559,991,641,510,769,669,767,842,821,77,-1,779,104,-1,
835,99,726,205,818,228,992,290,1092,242,629,174,495,287,616,386,704,525,674,763,560,990,640,505,773,671,769,843,825,82,-1,783,104,-1,
835,102,723,204,812,226,996,252,1120,222,630,175,501,293,623,380,704,529,671,776,561,989,654,504,778,674,769,844,824,84,-1,783,107,-1,
834,104,722,204,808,224,996,243,1127,208,628,178,504,296,626,366,709,532,674,778,562,989,647,505,782,673,771,843,824,88,-1,782,110,-1,
833,107,725,208,815,226,999,256,1121,203,628,181,506,303,626,354,725,518,714,684,564,988,656,503,784,671,772,843,822,91,-1,783,113,-1,
835,105,725,209,816,228,996,280,1097,216,628,184,509,308,627,358,730,519,677,779,564,988,652,506,783,668,772,842,824,89,-1,782,113,-1,
834,104,721,208,811,226,981,309,1075,240,625,187,514,316,636,382,727,534,678,781,566,986,655,515,786,667,772,843,824,89,-1,781,112,-1,
835,103,719,209,808,226,953,345,1045,281,627,186,523,322,626,367,728,536,677,788,566,986,648,515,791,666,775,841,823,85,-1,778,110,-1,
834,103,717,211,800,228,915,387,1015,319,630,189,535,327,642,378,726,538,691,765,566,986,650,513,796,669,775,842,823,85,-1,777,108,-1,
836,102,717,217,794,241,876,359,965,369,636,191,547,337,655,402,718,550,688,775,566,986,653,517,804,670,775,842,823,85,-1,775,108,-1,
837,104,706,224,770,252,809,446,925,412,641,196,565,342,661,407,711,543,685,784,565,986,658,515,810,667,776,840,822,84,-1,773,111,-1,
838,107,707,229,761,262,733,456,869,459,649,195,586,348,-1,710,551,687,792,565,987,669,523,816,671,776,841,822,89,-1,774,118,-1,
839,113,709,228,739,262,683,450,815,480,668,191,-1,-1,703,567,692,787,564,987,747,556,818,673,777,839,824,97,-1,775,120,-1,
841,113,709,224,732,261,686,419,-1,677,181,-1,-1,700,547,686,796,563,988,748,538,813,675,777,839,824,95,-1,774,119,-1,
840,112,705,220,716,251,618,400,742,485,689,178,-1,-1,697,539,689,778,564,986,749,534,810,678,775,840,824,92,-1,772,114,-1,
840,107,711,219,703,241,574,372,708,476,719,192,-1,-1,689,530,686,757,564,985,747,528,804,679,774,839,824,87,-1,767,109,-1,
839,103,713,215,700,232,556,358,687,463,731,203,848,230,966,211,686,529,675,760,562,985,740,521,794,683,774,841,823,83,-1,764,104,-1,
837,102,713,207,695,228,547,349,675,456,733,187,883,199,1013,186,681,519,669,758,559,991,736,514,788,684,774,841,820,80,-1,762,101,-1,
838,100,721,206,693,232,545,351,670,453,754,181,893,181,1035,174,679,523,669,753,559,986,737,519,782,681,772,842,821,79,-1,760,100,-1,
839,95,727,203,692,229,544,354,670,454,769,177,896,181,1036,175,678,518,659,769,559,985,736,515,780,680,772,841,821,76,-1,762,101,-1,
842,97,719,211,694,230,548,357,674,455,752,195,903,196,1024,188,678,520,657,778,558,986,735,517,781,679,772,840,823,76,-1,763,102,-1,
843,101,718,210,700,227,555,363,686,461,740,199,883,221,1004,211,677,529,661,769,560,987,740,526,781,681,771,840,827,81,-1,767,102,-1,
846,101,717,207,703,227,561,369,696,462,739,192,859,250,969,242,678,526,660,777,560,985,741,523,781,681,772,838,829,83,-1,770,102,-1,
847,103,715,209,709,236,576,379,707,463,711,167,826,283,927,285,686,521,664,775,560,985,738,519,782,678,772,838,829,83,-1,773,104,-1,
850,102,713,203,714,236,595,389,733,464,704,159,-1,-1,688,525,663,783,560,986,733,520,785,673,771,838,834,84,-1,779,105,-1,
852,105,715,209,718,241,618,401,760,464,699,164,-1,-1,689,529,671,774,561,985,733,522,790,673,772,838,835,87,-1,781,109,-1,
852,108,714,209,729,242,663,414,784,458,693,171,-1,-1,696,532,673,775,562,985,727,525,795,672,773,837,837,90,-1,786,112,-1,
852,106,714,213,741,248,674,430,810,448,679,176,-1,-1,701,547,674,786,562,985,723,539,797,671,774,837,837,91,-1,788,112,-1,
851,104,713,213,756,248,714,440,851,422,667,176,608,258,-1,708,552,670,792,562,984,679,529,800,670,773,839,837,89,-1,790,113,-1,
852,98,716,212,771,248,758,440,880,376,655,173,536,276,-1,715,553,668,789,562,982,664,526,796,669,773,839,837,81,-1,790,108,-1,
849,92,716,209,785,240,810,423,913,367,644,174,510,276,624,393,720,541,666,781,561,984,666,513,791,668,772,840,835,76,-1,792,104,-1,
845,94,725,203,802,232,856,371,929,346,644,168,503,271,616,380,728,519,664,776,562,984,659,497,785,668,770,841,833,78,-1,791,99,-1,
844,87,733,203,815,229,928,373,978,288,645,168,504,270,620,387,730,515,661,779,562,983,660,494,782,666,771,839,832,74,-1,792,98,-1,
847,90,734,201,818,227,976,322,1016,243,644,168,503,272,619,391,727,510,660,779,559,984,657,493,778,665,768,841,835,76,-1,793,99,-1,
848,87,734,199,818,224,983,274,1064,203,645,167,507,278,625,373,714,514,663,776,561,980,667,493,777,664,770,837,834,74,-1,794,98,-1,
849,87,733,199,819,223,984,242,1090,195,642,168,518,287,639,364,714,517,664,776,561,982,670,498,778,665,769,839,835,74,-1,795,100,-1,
848,90,732,197,817,217,982,236,1091,197,637,169,523,293,641,351,715,517,664,771,559,982,664,494,778,663,768,840,834,75,-1,793,101,-1,
843,93,732,197,822,215,988,251,1086,205,634,170,527,301,641,345,719,511,704,661,-1,660,490,779,658,768,838,833,77,-1,790,101,-1,
841,94,729,197,819,215,983,280,1066,225,632,172,533,310,637,341,726,510,700,680,-1,658,492,779,660,768,838,831,78,-1,788,100,-1,
838,95,723,198,813,217,971,313,1045,251,630,175,540,319,640,348,727,514,669,778,563,980,656,495,784,659,768,839,826,78,-1,784,101,-1,
837,95,721,200,807,218,931,350,1021,285,629,177,550,325,647,363,727,519,668,783,562,980,658,497,786,658,769,838,824,78,-1,780,101,-1,
834,98,718,204,799,224,895,379,988,329,631,179,558,335,656,401,724,517,668,779,559,981,652,497,790,653,768,836,822,80,-1,776,100,-1,
834,99,713,212,791,239,846,409,950,369,633,183,577,341,-1,707,532,667,782,557,981,654,499,792,659,767,835,822,81,-1,777,101,-1,
833,101,708,214,769,247,807,417,894,374,643,181,603,335,-1,700,518,672,777,559,980,658,491,794,657,768,835,819,83,-1,772,107,-1,
833,102,703,215,747,247,727,442,862,440,652,179,-1,-1,696,542,670,785,560,980,669,518,-1,-1,819,84,-1,770,108,-1,
834,108,701,210,734,244,676,432,803,465,662,172,-1,-1,691,544,671,786,559,981,726,535,797,664,768,834,821,89,-1,770,107,-1,
832,106,700,203,723,236,689,390,-1,672,163,-1,-1,689,536,668,781,560,979,729,530,794,663,767,835,819,85,-1,769,104,-1,
834,107,699,199,703,224,604,382,725,468,686,158,-1,-1,680,537,664,773,559,981,739,530,791,666,768,835,821,86,-1,768,101,-1,
834,104,704,198,697,219,568,344,691,453,718,181,833,220,947,205,680,515,656,777,560,980,734,512,785,664,769,833,821,83,-1,764,95,-1,
832,102,706,200,691,214,540,323,661,438,725,191,-1,-1,674,514,656,758,560,980,731,508,782,667,768,833,819,81,-1,762,93,-1,
834,98,720,193,688,216,534,307,651,432,760,166,888,169,1021,158,-1,-1,-1,729,516,-1,-1,818,79,-1,761,93,-1,
-1,721,192,-1,-1,-1,-1,-1,-1,665,521,654,759,560,980,730,517,780,671,769,833,-1,-1,-1,-1,
836,97,731,189,685,212,519,308,633,425,783,166,897,162,1022,151,654,518,650,768,557,982,726,516,776,671,768,834,819,77,-1,761,94,-1,
838,97,715,202,685,214,512,313,636,428,752,192,896,168,1016,159,655,513,647,769,558,982,720,509,774,670,768,834,821,74,-1,762,94,-1,
839,102,711,202,685,214,517,318,645,436,740,193,-1,-1,653,509,644,774,557,982,718,506,772,669,767,833,824,80,-1,764,93,-1,
837,100,713,200,687,212,531,330,659,443,748,189,864,208,972,202,653,511,645,768,557,983,721,512,769,669,767,834,822,78,-1,764,95,-1,
837,97,712,203,687,214,567,346,677,444,744,196,-1,-1,658,504,650,763,559,981,721,502,771,667,770,830,820,76,-1,764,96,-1,
840,102,711,205,690,216,582,362,705,448,736,200,-1,-1,666,514,655,772,563,983,725,506,775,663,771,831,826,83,-1,771,98,-1,
845,106,709,203,702,223,599,382,734,452,702,162,-1,-1,672,515,665,770,567,982,718,506,779,656,775,830,830,87,-1,776,103,-1,
844,112,707,208,713,236,635,404,774,447,691,167,-1,-1,674,526,677,746,568,979,723,520,787,659,776,831,830,92,-1,778,105,-1,
846,110,706,210,726,241,668,424,815,430,679,172,-1,-1,685,537,684,732,-1,706,528,790,665,777,832,830,91,-1,781,109,-1,
842,113,705,211,744,241,712,433,843,406,660,175,600,251,-1,689,542,667,782,567,987,662,517,786,663,776,836,829,94,-1,783,111,-1,
841,110,706,213,762,247,760,437,878,390,646,177,529,290,-1,692,545,665,780,567,992,659,515,782,672,776,841,829,92,-1,783,110,-1,
838,111,711,211,783,243,807,368,879,357,637,177,507,288,618,390,707,525,658,791,566,997,643,500,774,674,777,845,827,94,-1,784,110,-1,
837,114,724,214,806,243,880,393,970,322,637,178,503,277,617,396,712,527,668,765,571,995,642,500,772,677,779,847,829,98,-1,788,111,-1,
842,115,735,217,824,245,958,364,1010,285,642,182,501,276,617,394,713,542,666,785,573,1002,657,518,774,678,782,850,832,99,-1,793,114,-1,
847,121,741,220,830,248,994,311,1066,246,647,184,503,280,621,396,712,534,676,778,575,1006,655,514,776,684,784,851,837,106,-1,802,120,-1,
848,121,739,217,828,244,999,274,1098,225,646,183,504,282,621,398,707,537,675,794,574,1004,654,518,774,681,782,851,838,106,-1,803,123,-1,
847,123,735,214,823,238,991,255,1107,222,640,183,505,290,622,396,703,541,673,794,572,1003,648,515,772,683,780,850,837,108,-1,804,123,-1,
844,120,734,213,827,236,997,264,1108,223,636,184,507,293,623,385,714,527,677,775,572,999,641,509,771,680,779,848,835,105,-1,803,122,-1,
842,117,733,210,826,232,996,287,1096,232,634,182,512,301,621,365,717,530,670,779,572,996,641,508,767,677,778,847,834,103,-1,799,119,-1,
841,114,729,209,822,230,984,313,1075,255,630,181,519,305,626,375,714,527,676,756,-1,637,503,764,676,776,845,831,98,-1,792,115,-1,
839,113,728,210,822,232,960,349,1055,286,630,182,525,314,626,373,708,521,674,760,567,994,638,499,769,675,773,843,829,97,-1,789,111,-1,
838,113,725,211,817,234,921,382,1021,328,629,184,534,323,630,371,711,528,673,762,-1,635,502,772,671,771,844,828,97,-1,788,112,-1,
837,116,724,216,811,242,888,414,986,371,632,187,548,334,642,391,705,529,666,781,564,995,630,504,778,668,774,843,828,100,-1,786,114,-1,
838,120,721,222,804,255,845,408,936,412,636,188,560,342,645,409,700,531,669,782,565,993,632,507,785,665,774,843,827,103,-1,785,116,-1,
840,124,710,222,773,257,797,447,907,438,644,185,580,338,-1,687,533,679,770,565,994,640,507,791,664,774,843,830,107,-1,786,118,-1,
841,127,711,227,757,265,723,453,858,473,658,184,-1,-1,688,544,677,782,564,995,654,522,792,665,775,841,830,108,-1,784,120,-1,
841,130,708,222,741,258,675,438,785,492,666,181,-1,-1,688,544,673,785,564,995,703,535,-1,-1,831,110,-1,783,120,-1,
841,125,703,215,725,247,650,411,758,495,676,175,-1,-1,686,537,665,795,563,994,718,534,788,671,772,843,829,106,-1,779,117,-1,
841,123,702,209,716,240,632,400,727,490,687,168,-1,-1,683,535,664,784,563,994,724,528,785,679,773,844,828,103,-1,776,114,-1,
841,123,707,206,704,233,607,379,687,471,704,166,843,226,962,218,677,530,660,781,562,996,732,523,781,677,773,843,830,103,-1,775,110,-1,
840,121,711,207,695,224,552,338,668,460,730,194,888,208,1008,200,672,523,658,781,563,997,729,517,778,677,772,844,828,101,-1,773,108,-1,
841,117,724,207,690,233,539,329,652,453,760,183,891,193,1025,184,665,525,656,783,564,996,730,518,778,675,773,844,828,99,-1,771,108,-1,
842,117,731,210,688,232,525,333,643,449,781,188,893,189,1029,180,659,526,657,779,563,995,729,520,779,676,773,842,828,99,-1,771,110,-1,
845,124,726,220,685,238,524,336,645,452,777,200,901,201,1026,192,656,527,655,789,562,998,725,522,780,678,773,844,831,104,-1,771,112,-1,
845,126,717,223,688,235,531,341,659,460,752,213,-1,-1,660,528,657,785,560,998,722,524,779,677,771,843,830,105,-1,771,113,-1,
844,128,713,218,691,231,540,351,670,463,741,208,852,249,985,241,667,525,656,784,562,999,720,520,774,675,771,844,830,106,-1,772,113,-1,
844,128,711,217,696,230,558,364,694,467,733,209,-1,-1,665,533,657,782,561,999,723,529,774,677,771,845,831,106,-1,773,113,-1,
842,131,707,212,699,234,587,386,725,470,721,194,-1,-1,666,529,656,791,562,998,721,523,774,671,771,844,832,109,-1,776,115,-1,
846,128,705,211,703,236,618,398,742,461,699,175,-1,-1,676,523,663,779,563,997,711,518,777,675,771,845,834,106,-1,778,115,-1,
846,129,704,215,711,246,649,419,771,455,690,177,-1,-1,678,536,667,788,563,998,711,528,781,674,773,844,834,109,-1,782,119,-1,
845,132,705,217,724,250,682,437,839,420,679,180,-1,-1,681,535,669,787,565,997,686,524,783,675,773,842,835,112,-1,784,121,-1,
845,131,705,220,739,253,724,444,849,406,665,184,-1,-1,686,541,668,788,565,997,649,519,783,676,772,845,835,112,-1,787,119,-1,
845,128,710,219,759,252,777,422,879,386,657,183,587,253,-1,693,540,666,780,564,997,642,517,777,678,770,847,836,109,-1,788,117,-1,
844,124,712,215,779,247,823,375,938,342,643,178,505,273,614,393,699,537,656,783,564,997,637,511,771,681,769,849,836,105,-1,790,114,-1,
840,125,721,210,797,241,904,388,980,295,640,172,490,255,590,384,701,524,650,788,563,999,636,497,764,688,770,846,835,105,-1,791,111,-1,
841,122,728,208,809,237,966,335,1024,251,639,170,483,242,585,377,698,528,651,787,562,1001,637,502,764,678,769,845,834,104,-1,794,110,-1,
840,126,730,207,813,237,990,282,1075,216,640,168,479,231,592,378,695,523,652,794,563,998,639,502,764,677,769,845,834,108,-1,794,111,-1,
841,128,733,203,818,227,994,247,1095,205,640,167,478,231,595,379,695,522,660,786,563,998,636,497,766,676,769,845,836,111,-1,797,115,-1,
845,127,733,203,819,226,990,236,1104,198,638,168,481,240,594,383,700,522,659,792,563,999,639,499,767,677,769,845,837,110,-1,799,117,-1,
848,120,731,203,820,227,996,246,1103,202,635,171,486,258,601,380,706,524,661,785,563,999,637,503,766,678,770,845,-1,-1,801,117,-1,
847,122,728,204,814,224,992,268,1093,214,633,175,495,279,611,382,704,535,667,771,564,998,636,510,763,674,769,843,838,104,-1,801,116,-1,
845,123,727,204,818,225,985,297,1076,240,629,179,517,305,629,390,712,533,666,771,564,1000,645,514,761,676,769,848,839,106,-1,803,114,-1,
845,125,725,207,813,227,968,330,1060,272,630,184,541,331,641,384,707,534,669,769,564,999,641,505,768,678,769,847,838,107,-1,799,113,-1,
839,129,723,211,810,229,924,367,1026,318,630,190,558,347,648,410,708,526,665,781,561,998,637,500,774,670,769,848,834,113,-1,796,114,-1,
841,129,720,214,804,236,891,395,-1,631,192,576,358,650,407,709,527,662,780,560,999,634,503,781,671,771,848,835,111,-1,793,115,-1,
841,134,721,221,798,249,846,409,948,405,642,190,612,356,-1,703,535,660,787,561,1000,638,506,785,675,771,849,836,115,-1,792,115,-1,
842,134,715,215,771,247,805,419,905,419,654,184,-1,-1,696,534,665,779,562,999,652,508,785,677,770,851,835,114,-1,788,115,-1,
844,131,715,212,758,244,731,437,854,467,667,178,-1,-1,693,544,663,774,562,999,675,524,-1,-1,836,111,-1,787,109,-1,
847,127,713,202,745,232,685,416,783,490,675,170,-1,-1,690,537,652,784,561,1000,713,533,780,681,770,849,838,106,-1,787,104,-1,
849,122,714,199,737,228,703,398,749,498,685,166,-1,-1,686,539,651,774,562,999,721,535,771,689,771,847,840,101,-1,787,99,-1,
850,120,719,198,718,223,619,366,700,489,706,157,853,210,969,204,684,530,646,785,562,998,730,536,768,687,770,848,839,98,-1,785,98,-1,
850,118,719,200,711,223,651,386,675,479,720,168,-1,-1,675,530,647,782,561,995,719,526,761,683,770,846,840,97,-1,785,96,-1,
851,116,735,197,703,220,557,306,649,459,770,175,898,173,1026,167,664,514,650,771,559,998,721,514,758,687,769,846,839,97,-1,785,99,-1,
854,119,733,203,702,216,539,307,633,447,764,194,-1,-1,660,515,642,797,558,1001,719,515,757,686,769,846,841,98,-1,785,99,-1,
857,124,729,209,706,215,535,306,638,453,756,209,-1,-1,657,518,639,784,557,1003,719,517,757,690,769,849,846,102,-1,788,101,-1,
855,128,734,208,703,219,540,312,649,458,785,192,883,201,1019,180,656,520,638,788,558,1002,721,517,760,688,770,848,845,107,-1,788,104,-1,
853,133,724,209,703,220,559,323,666,462,750,204,850,228,984,209,658,521,638,793,557,1002,720,517,759,686,769,847,843,110,-1,788,105,-1,
851,135,725,212,706,224,582,349,690,467,751,206,843,252,961,240,659,528,645,781,557,1002,717,527,761,686,769,846,842,114,-1,787,108,-1,
852,137,718,211,713,230,596,371,728,474,710,175,-1,-1,662,526,647,781,557,1002,711,520,762,683,769,847,843,114,-1,788,109,-1,
850,139,709,204,718,233,630,398,745,462,691,170,-1,-1,665,527,653,763,557,1002,708,522,763,683,769,847,842,116,-1,789,108,-1,
849,137,709,206,726,236,661,416,785,451,684,170,-1,-1,668,542,652,771,557,1004,701,536,761,684,769,846,842,114,-1,790,108,-1,
851,134,711,209,739,239,713,430,852,418,676,173,-1,-1,676,543,653,763,556,1005,694,535,761,691,769,849,844,112,-1,793,109,-1,
850,133,710,206,755,239,763,424,884,388,658,171,-1,-1,677,544,646,776,558,1001,650,511,759,689,769,846,844,112,-1,796,106,-1,
850,131,714,206,777,239,805,372,924,355,647,169,570,239,-1,686,533,643,784,557,1001,638,507,756,689,769,848,844,112,-1,798,107,-1,
845,130,717,204,790,237,876,386,965,312,640,166,486,252,590,377,690,534,642,782,557,1002,633,508,753,686,769,847,841,111,-1,797,106,-1,
841,131,721,201,800,229,922,368,999,281,635,162,475,237,579,376,692,542,648,771,557,1001,639,516,753,690,769,848,837,112,-1,797,106,-1,
842,127,724,201,810,232,972,314,1054,241,634,160,474,229,556,336,694,530,647,781,558,1000,640,507,755,684,769,847,837,109,-1,797,106,-1,
840,128,725,199,805,228,986,270,1092,234,635,159,478,234,565,349,697,519,649,790,559,1001,640,500,759,675,770,846,836,111,-1,799,107,-1,
840,129,726,197,813,223,976,244,1105,227,632,161,482,246,597,375,701,519,651,794,559,999,638,498,761,678,770,849,837,111,-1,801,109,-1,
841,126,726,197,814,223,984,254,1109,222,631,164,490,262,605,377,702,530,652,792,558,999,638,508,762,679,769,846,837,107,-1,802,112,-1,
839,126,728,198,820,224,987,272,1095,222,628,167,498,277,610,385,711,524,654,784,559,997,642,502,762,677,769,844,835,109,-1,801,111,-1,
850,112,726,194,817,220,982,289,1074,233,629,164,508,289,617,379,714,513,647,798,559,992,634,488,763,672,767,843,840,96,-1,802,106,727,71,
846,112,727,192,815,218,972,307,1058,252,632,163,523,294,627,371,708,515,648,788,557,988,638,485,764,669,767,838,838,98,-1,801,101,-1,
843,113,725,187,812,212,951,331,1041,277,632,160,535,301,632,362,710,507,650,779,557,984,635,477,768,661,767,836,838,97,-1,801,95,-1,
844,108,724,187,808,212,917,350,1021,304,634,160,546,310,642,385,709,509,649,780,557,981,632,482,774,657,766,831,839,90,-1,799,89,-1,
843,106,720,187,800,214,866,326,888,309,634,158,569,312,645,398,702,515,652,776,556,979,631,484,778,652,766,829,839,90,-1,799,88,-1,
846,110,721,197,793,228,847,350,965,375,645,161,-1,-1,701,515,657,776,558,980,631,489,783,653,768,830,839,92,-1,797,93,-1,
848,112,718,199,776,234,819,407,916,387,655,161,-1,-1,699,517,659,791,556,984,642,494,786,655,769,830,841,94,-1,795,97,-1,
848,111,718,199,762,235,736,429,874,442,666,157,-1,-1,693,529,664,781,558,984,653,500,788,658,770,831,839,93,-1,793,96,-1,
850,105,717,191,751,225,685,409,803,455,675,150,-1,-1,693,520,662,773,559,980,708,513,788,656,770,828,841,85,-1,792,89,-1,
851,101,719,184,742,217,651,379,761,456,688,143,-1,-1,694,522,656,773,560,977,728,518,786,661,770,830,841,83,-1,791,86,-1,
854,94,725,187,723,211,694,374,716,447,712,143,847,214,966,213,692,516,653,774,564,974,735,514,783,659,772,828,842,76,-1,790,84,-1,
853,96,730,188,711,205,593,317,670,429,755,175,880,195,1009,190,684,528,658,764,563,976,745,527,782,663,771,830,841,78,-1,787,84,-1,
854,95,735,194,704,205,529,264,-1,768,185,896,178,1032,174,677,526,655,779,560,979,740,521,782,664,771,831,841,78,-1,788,87,-1,
853,95,743,190,699,201,522,256,628,408,796,175,906,172,1038,166,675,520,655,775,559,981,737,512,784,664,771,832,839,77,-1,785,88,-1,
856,94,744,191,696,201,522,259,629,413,803,175,906,175,1040,169,674,517,653,780,557,983,737,511,785,672,771,833,841,76,-1,786,88,-1,
855,94,733,195,697,200,528,274,639,421,773,192,902,190,1033,180,672,521,651,777,556,986,740,520,785,674,770,835,840,74,-1,785,87,-1,
852,91,732,192,702,198,548,296,666,433,772,187,892,202,1015,203,678,513,650,781,556,986,738,514,784,670,770,834,838,72,-1,782,83,-1,
848,91,729,193,702,201,560,321,682,433,767,189,876,228,996,232,682,492,662,750,556,984,736,493,784,664,769,835,834,72,-1,780,83,-1,
846,89,724,193,700,199,591,359,734,446,755,191,-1,-1,675,502,671,737,554,988,733,493,786,666,770,833,831,69,-1,779,85,-1,
843,91,712,192,712,210,640,389,782,438,700,159,-1,-1,681,516,677,735,-1,725,510,784,663,769,832,830,71,-1,778,87,-1,
842,92,711,191,723,217,679,406,811,429,689,154,720,356,798,322,691,528,672,750,-1,715,519,783,662,768,833,831,73,-1,779,87,-1,
840,86,713,192,740,221,733,412,863,373,677,154,-1,-1,700,523,655,776,556,982,677,504,776,665,767,834,828,68,-1,779,86,-1,
838,80,714,187,758,214,787,391,904,365,-1,-1,-1,700,509,651,762,557,983,673,487,766,670,768,835,827,64,-1,780,83,-1,
838,73,718,183,781,213,828,333,950,311,653,151,596,238,-1,703,496,646,761,556,984,660,475,761,665,767,831,826,58,-1,780,80,-1,
838,70,723,183,798,207,915,350,990,267,643,154,519,259,-1,705,493,644,762,556,985,658,471,757,658,768,832,826,57,-1,785,80,-1,
837,74,727,184,811,204,963,300,1031,229,639,157,493,246,614,386,706,505,648,761,556,982,651,484,762,659,767,832,825,60,-1,783,80,-1,
835,74,728,184,815,206,980,256,1073,207,636,155,486,231,600,373,700,513,654,761,557,981,650,487,767,664,768,832,822,61,-1,781,83,-1,
832,80,725,183,813,206,979,225,1092,198,630,153,473,233,555,343,697,512,656,779,557,980,652,487,769,665,767,832,819,66,-1,779,85,-1,
829,78,725,184,816,204,980,224,1094,195,626,157,472,238,535,330,702,507,663,771,558,981,648,484,770,664,767,832,816,65,-1,777,89,-1,
826,80,723,185,815,205,978,241,1083,197,626,158,471,248,584,375,715,509,696,686,-1,641,490,765,659,767,831,814,68,-1,776,90,-1,
825,73,718,185,814,203,973,266,1064,210,619,160,481,265,587,369,716,512,667,772,560,983,637,493,765,657,766,831,814,64,-1,775,88,692,71,
820,72,712,188,810,206,962,292,1041,230,609,165,491,292,602,378,716,504,673,768,563,980,638,488,769,654,767,831,807,59,-1,768,86,-1,
813,75,704,190,800,208,945,319,1010,263,604,169,504,319,618,390,716,504,671,792,670,802,632,489,770,657,768,830,799,61,-1,759,85,-1,
807,79,694,194,787,211,905,350,980,301,598,171,534,330,619,395,707,510,709,689,-1,629,493,773,660,767,829,793,65,-1,752,86,-1,
795,82,691,200,782,222,861,340,935,353,596,173,545,344,-1,702,511,710,681,563,982,627,496,773,662,767,829,785,68,-1,744,90,-1,
791,90,679,204,766,230,835,345,885,331,591,177,561,351,-1,704,509,707,700,561,981,624,500,771,662,768,827,779,74,-1,738,91,-1,
783,89,669,210,749,238,-1,-1,590,177,575,349,-1,688,529,699,713,-1,628,514,769,665,767,828,769,74,-1,730,95,-1,
779,86,659,213,731,244,790,368,-1,589,178,-1,-1,682,530,682,760,556,983,627,519,756,670,767,827,763,72,-1,717,100,-1,
772,92,648,214,707,246,763,441,836,508,588,179,-1,-1,665,536,678,749,555,986,614,516,749,674,764,827,757,76,-1,707,101,-1,
764,90,638,218,689,247,735,452,813,539,586,182,-1,-1,660,540,673,765,556,986,613,529,733,684,764,827,747,76,-1,700,102,-1,
759,89,633,215,682,246,714,459,787,562,582,178,-1,-1,645,537,668,744,-1,591,524,718,690,760,826,744,74,-1,695,100,-1,
758,92,622,212,667,241,691,463,764,588,577,176,-1,-1,630,538,654,792,555,988,577,525,706,688,749,829,742,76,-1,692,101,-1,
754,86,614,210,656,239,670,459,737,616,569,175,-1,-1,620,542,651,768,556,987,571,525,700,688,735,833,735,69,-1,683,97,-1,
749,88,604,205,646,233,649,454,711,613,562,172,-1,-1,612,543,644,767,556,987,562,526,690,701,716,837,732,69,-1,676,94,-1,
740,84,596,203,637,232,630,453,673,586,554,166,-1,-1,600,540,638,737,555,985,555,516,687,695,693,846,724,68,-1,671,91,-1,
734,79,590,197,631,232,616,447,658,591,548,158,-1,-1,590,534,633,723,555,986,544,509,683,691,670,852,717,62,-1,662,87,-1,
722,77,584,193,623,226,598,444,645,602,545,154,-1,-1,582,540,628,749,553,986,534,517,659,721,635,868,707,61,-1,652,82,-1,
710,74,577,191,615,227,579,444,632,598,539,154,-1,-1,588,537,622,751,552,988,534,514,637,729,626,871,694,57,-1,642,81,-1,
711,70,572,190,610,227,567,441,628,597,534,153,-1,-1,575,525,616,740,553,988,522,503,631,730,618,884,691,53,-1,635,79,-1,
699,68,567,191,603,228,615,440,622,594,529,152,-1,-1,571,530,615,725,552,988,518,510,604,719,534,911,679,53,-1,626,79,-1,
693,57,561,192,595,231,542,435,586,576,525,152,592,394,680,415,564,525,610,720,552,987,516,512,592,711,519,937,673,44,-1,619,78,-1,
686,57,554,191,590,233,529,439,563,569,519,150,580,399,668,419,570,543,605,756,552,988,522,530,566,731,507,951,667,44,-1,613,79,-1,
681,60,552,189,586,234,525,434,552,561,517,150,591,396,662,425,573,549,606,772,553,989,516,536,549,746,504,953,661,46,-1,608,78,-1,
674,53,550,192,585,236,521,436,557,577,512,152,584,405,652,426,569,562,604,771,553,991,511,551,541,745,503,954,654,38,-1,603,78,-1,
668,55,545,191,582,233,514,437,560,576,505,151,583,398,644,423,557,559,606,778,554,988,504,544,532,757,504,952,650,42,-1,597,79,-1,
668,56,545,191,582,232,515,434,570,568,505,151,583,392,643,422,548,561,610,764,558,985,499,547,532,755,507,951,648,43,-1,598,80,-1,
666,68,541,186,577,227,517,428,619,592,504,147,539,424,-1,553,571,607,774,558,984,502,573,530,759,508,951,649,51,-1,597,75,-1,